type,gene,del_len,mutation,absolute_coords,relative_coords,del_seq,prev_5nts,next_5nts,samples,num_samples
deletion,S,3,S:DEL144/144,21991:21993,21725:21727,att,gtgtt,tacca,"hCoV-19/JOR/SEARCH-0084-JOR/2020,hCoV-19/USA/SEARCH-0776-SAN/2020,hCoV-19/USA/SEARCH-2808-SAN/2020,hCoV-19/USA/SEARCH-3011-SAN/2020,hCoV-19/USA/SEARCH-5574-SAN/2020,hCoV-19/JOR/SEARCH-5774-JOR/2020,hCoV-19/JOR/SEARCH-5775-JOR/2020,hCoV-19/JOR/SEARCH-5776-JOR/2020,hCoV-19/JOR/SEARCH-5777-JOR/2020,hCoV-19/JOR/SEARCH-5778-JOR/2020,hCoV-19/JOR/SEARCH-5779-JOR/2020,hCoV-19/JOR/SEARCH-5781-JOR/2020,hCoV-19/JOR/SEARCH-5782-JOR/2020,hCoV-19/JOR/SEARCH-5783-JOR/2020,hCoV-19/JOR/SEARCH-5784-JOR/2020,hCoV-19/JOR/SEARCH-5786-JOR/2020,hCoV-19/JOR/SEARCH-5788-JOR/2020,hCoV-19/JOR/SEARCH-5789-JOR/2020,hCoV-19/JOR/SEARCH-5790-JOR/2020,hCoV-19/JOR/SEARCH-5791-JOR/2020,hCoV-19/JOR/SEARCH-5792-JOR/2020,hCoV-19/JOR/SEARCH-5793-JOR/2020,hCoV-19/JOR/SEARCH-5794-JOR/2020,hCoV-19/JOR/SEARCH-5795-JOR/2020,hCoV-19/JOR/SEARCH-5796-JOR/2020,hCoV-19/JOR/SEARCH-5798-JOR/2020,hCoV-19/JOR/SEARCH-5799-JOR/2020,hCoV-19/JOR/SEARCH-5800-JOR/2020,hCoV-19/JOR/SEARCH-5801-JOR/2020,hCoV-19/JOR/SEARCH-5802-JOR/2020,hCoV-19/JOR/SEARCH-5803-JOR/2020,hCoV-19/JOR/SEARCH-5804-JOR/2020,hCoV-19/JOR/SEARCH-5805-JOR/2020,hCoV-19/JOR/SEARCH-5806-JOR/2020,hCoV-19/JOR/SEARCH-5807-JOR/2020,hCoV-19/JOR/SEARCH-5808-JOR/2020,hCoV-19/JOR/SEARCH-5829-JOR/2020,hCoV-19/JOR/SEARCH-5830-JOR/2020,hCoV-19/JOR/SEARCH-5832-JOR/2020,hCoV-19/JOR/SEARCH-5833-JOR/2020,hCoV-19/JOR/SEARCH-5834-JOR/2020,hCoV-19/USA/SEARCH-5902-SAN/2020,hCoV-19/USA/SEARCH-6046-SAN/2020,hCoV-19/USA/SEARCH-6096-SAN/2020,hCoV-19/USA/SEARCH-6279/2020,hCoV-19/USA/SEARCH-6331/2020,hCoV-19/USA/SEARCH-6539/2020,hCoV-19/USA/SEARCH-6568/2020,hCoV-19/USA/SEARCH-6575/2020,hCoV-19/USA/SEARCH-6735/2020,hCoV-19/USA/SEARCH-6737/2020,hCoV-19/USA/SEARCH-6740/2020,hCoV-19/USA/SEARCH-6749/2020,hCoV-19/USA/SEARCH-6758/2020,hCoV-19/USA/SEARCH-6860/2020,hCoV-19/USA/SEARCH-6910/2020,hCoV-19/USA/SEARCH-7039/2020",57
deletion,ORF1a,9,ORF1a:DEL3675/3677,11288:11296,11022:11030,tggttttaa,tttgt,agcta,"hCoV-19/USA/SEARCH-5574-SAN/2020,hCoV-19/JOR/SEARCH-5774-JOR/2020,hCoV-19/JOR/SEARCH-5775-JOR/2020,hCoV-19/JOR/SEARCH-5776-JOR/2020,hCoV-19/JOR/SEARCH-5777-JOR/2020,hCoV-19/JOR/SEARCH-5778-JOR/2020,hCoV-19/JOR/SEARCH-5779-JOR/2020,hCoV-19/JOR/SEARCH-5781-JOR/2020,hCoV-19/JOR/SEARCH-5782-JOR/2020,hCoV-19/JOR/SEARCH-5783-JOR/2020,hCoV-19/JOR/SEARCH-5784-JOR/2020,hCoV-19/JOR/SEARCH-5786-JOR/2020,hCoV-19/JOR/SEARCH-5788-JOR/2020,hCoV-19/JOR/SEARCH-5789-JOR/2020,hCoV-19/JOR/SEARCH-5790-JOR/2020,hCoV-19/JOR/SEARCH-5791-JOR/2020,hCoV-19/JOR/SEARCH-5792-JOR/2020,hCoV-19/JOR/SEARCH-5793-JOR/2020,hCoV-19/JOR/SEARCH-5794-JOR/2020,hCoV-19/JOR/SEARCH-5795-JOR/2020,hCoV-19/JOR/SEARCH-5796-JOR/2020,hCoV-19/JOR/SEARCH-5798-JOR/2020,hCoV-19/JOR/SEARCH-5799-JOR/2020,hCoV-19/JOR/SEARCH-5800-JOR/2020,hCoV-19/JOR/SEARCH-5801-JOR/2020,hCoV-19/JOR/SEARCH-5802-JOR/2020,hCoV-19/JOR/SEARCH-5803-JOR/2020,hCoV-19/JOR/SEARCH-5804-JOR/2020,hCoV-19/JOR/SEARCH-5805-JOR/2020,hCoV-19/JOR/SEARCH-5806-JOR/2020,hCoV-19/JOR/SEARCH-5807-JOR/2020,hCoV-19/JOR/SEARCH-5808-JOR/2020,hCoV-19/JOR/SEARCH-5829-JOR/2020,hCoV-19/JOR/SEARCH-5830-JOR/2020,hCoV-19/JOR/SEARCH-5832-JOR/2020,hCoV-19/JOR/SEARCH-5833-JOR/2020,hCoV-19/JOR/SEARCH-5834-JOR/2020,hCoV-19/USA/SEARCH-5864-SAN/2020,hCoV-19/USA/SEARCH-5902-SAN/2020,hCoV-19/USA/SEARCH-6046-SAN/2020,hCoV-19/USA/SEARCH-6096-SAN/2020,hCoV-19/USA/SEARCH-6279/2020,hCoV-19/USA/SEARCH-6322/2020,hCoV-19/USA/SEARCH-6395/2020,hCoV-19/USA/SEARCH-6482/2020,hCoV-19/USA/SEARCH-6539/2020,hCoV-19/USA/SEARCH-6568/2020,hCoV-19/USA/SEARCH-6575/2020,hCoV-19/USA/SEARCH-6735/2020,hCoV-19/USA/SEARCH-6737/2020,hCoV-19/USA/SEARCH-6740/2020,hCoV-19/USA/SEARCH-6749/2020,hCoV-19/USA/SEARCH-6835/2020,hCoV-19/USA/SEARCH-7039/2020",54
deletion,S,6,S:DEL69/70,21765:21770,21499:21504,catgtc,gctat,ctctg,"hCoV-19/USA/SEARCH-5574-SAN/2020,hCoV-19/JOR/SEARCH-5774-JOR/2020,hCoV-19/JOR/SEARCH-5775-JOR/2020,hCoV-19/JOR/SEARCH-5776-JOR/2020,hCoV-19/JOR/SEARCH-5777-JOR/2020,hCoV-19/JOR/SEARCH-5778-JOR/2020,hCoV-19/JOR/SEARCH-5779-JOR/2020,hCoV-19/JOR/SEARCH-5780-JOR/2020,hCoV-19/JOR/SEARCH-5781-JOR/2020,hCoV-19/JOR/SEARCH-5782-JOR/2020,hCoV-19/JOR/SEARCH-5783-JOR/2020,hCoV-19/JOR/SEARCH-5784-JOR/2020,hCoV-19/JOR/SEARCH-5785-JOR/2020,hCoV-19/JOR/SEARCH-5786-JOR/2020,hCoV-19/JOR/SEARCH-5787-JOR/2020,hCoV-19/JOR/SEARCH-5788-JOR/2020,hCoV-19/JOR/SEARCH-5789-JOR/2020,hCoV-19/JOR/SEARCH-5790-JOR/2020,hCoV-19/JOR/SEARCH-5791-JOR/2020,hCoV-19/JOR/SEARCH-5792-JOR/2020,hCoV-19/JOR/SEARCH-5793-JOR/2020,hCoV-19/JOR/SEARCH-5794-JOR/2020,hCoV-19/JOR/SEARCH-5795-JOR/2020,hCoV-19/JOR/SEARCH-5796-JOR/2020,hCoV-19/JOR/SEARCH-5797-JOR/2020,hCoV-19/JOR/SEARCH-5798-JOR/2020,hCoV-19/JOR/SEARCH-5799-JOR/2020,hCoV-19/JOR/SEARCH-5800-JOR/2020,hCoV-19/JOR/SEARCH-5801-JOR/2020,hCoV-19/JOR/SEARCH-5802-JOR/2020,hCoV-19/JOR/SEARCH-5803-JOR/2020,hCoV-19/JOR/SEARCH-5804-JOR/2020,hCoV-19/JOR/SEARCH-5805-JOR/2020,hCoV-19/JOR/SEARCH-5806-JOR/2020,hCoV-19/JOR/SEARCH-5807-JOR/2020,hCoV-19/JOR/SEARCH-5808-JOR/2020,hCoV-19/JOR/SEARCH-5829-JOR/2020,hCoV-19/JOR/SEARCH-5830-JOR/2020,hCoV-19/JOR/SEARCH-5832-JOR/2020,hCoV-19/JOR/SEARCH-5833-JOR/2020,hCoV-19/JOR/SEARCH-5834-JOR/2020,hCoV-19/USA/SEARCH-5902-SAN/2020,hCoV-19/USA/SEARCH-6046-SAN/2020,hCoV-19/USA/SEARCH-6096-SAN/2020,hCoV-19/USA/SEARCH-6279/2020,hCoV-19/USA/SEARCH-6539/2020,hCoV-19/USA/SEARCH-6568/2020,hCoV-19/USA/SEARCH-6575/2020,hCoV-19/MEX/SEARCH-6660/2020,hCoV-19/USA/SEARCH-6735/2020,hCoV-19/USA/SEARCH-6737/2020,hCoV-19/USA/SEARCH-6740/2020,hCoV-19/USA/SEARCH-6749/2020,hCoV-19/USA/SEARCH-7039/2020",54
deletion,ORF8,3,ORF8:DEL67,28090:28092,27824:27826,tct,gctgg,taaat,"hCoV-19/JOR/SEARCH-3903-JOR/2020,hCoV-19/JOR/SEARCH-3906-JOR/2020,hCoV-19/JOR/SEARCH-3930-JOR/2020,hCoV-19/JOR/SEARCH-3940-JOR/2020,hCoV-19/JOR/SEARCH-3941-JOR/2020,hCoV-19/JOR/SEARCH-3951-JOR/2020,hCoV-19/JOR/SEARCH-3966-JOR/2020,hCoV-19/JOR/SEARCH-3967-JOR/2020,hCoV-19/JOR/SEARCH-3986-JOR/2020,hCoV-19/JOR/SEARCH-3987-JOR/2020,hCoV-19/JOR/SEARCH-3990-JOR/2020,hCoV-19/JOR/SEARCH-3991-JOR/2020,hCoV-19/JOR/SEARCH-3992-JOR/2020,hCoV-19/JOR/SEARCH-4009-JOR/2020,hCoV-19/JOR/SEARCH-4020-JOR/2020,hCoV-19/JOR/SEARCH-4021-JOR/2020,hCoV-19/JOR/SEARCH-4025-JOR/2020,hCoV-19/JOR/SEARCH-4035-JOR/2020,hCoV-19/JOR/SEARCH-4036-JOR/2020,hCoV-19/JOR/SEARCH-4054-JOR/2020,hCoV-19/JOR/SEARCH-4055-JOR/2020,hCoV-19/JOR/SEARCH-4059-JOR/2020,hCoV-19/JOR/SEARCH-4086-JOR/2020,hCoV-19/JOR/SEARCH-4087-JOR/2020,hCoV-19/JOR/SEARCH-4088-JOR/2020,hCoV-19/JOR/SEARCH-4089-JOR/2020,hCoV-19/JOR/SEARCH-4098-JOR/2020,hCoV-19/JOR/SEARCH-4963-JOR/2020,hCoV-19/JOR/SEARCH-4966-JOR/2020,hCoV-19/JOR/SEARCH-4967-JOR/2020,hCoV-19/JOR/SEARCH-4977-JOR/2020,hCoV-19/JOR/SEARCH-4994-JOR/2020,hCoV-19/JOR/SEARCH-5150-JOR/2020,hCoV-19/JOR/SEARCH-5168-JOR/2020,hCoV-19/JOR/SEARCH-5175-JOR/2020,hCoV-19/JOR/SEARCH-5176-JOR/2020,hCoV-19/JOR/SEARCH-5199-JOR/2020,hCoV-19/JOR/SEARCH-5211-JOR/2020,hCoV-19/JOR/SEARCH-5228-JOR/2020,hCoV-19/JOR/SEARCH-5236-JOR/2020,hCoV-19/JOR/SEARCH-5237-JOR/2020,hCoV-19/JOR/SEARCH-5291-JOR/2020,hCoV-19/JOR/SEARCH-5294-JOR/2020,hCoV-19/JOR/SEARCH-5298-JOR/2020,hCoV-19/JOR/SEARCH-5300-JOR/2020,hCoV-19/JOR/SEARCH-5306-JOR/2020,hCoV-19/JOR/SEARCH-5311-JOR/2020,hCoV-19/JOR/SEARCH-5319-JOR/2020,hCoV-19/JOR/SEARCH-5326-JOR/2020,hCoV-19/JOR/SEARCH-5433-JOR/2020,hCoV-19/JOR/SEARCH-5464-JOR/2020,hCoV-19/JOR/SEARCH-5469-JOR/2020,hCoV-19/JOR/SEARCH-5470-JOR/2020",53
deletion,ORF1a,9,ORF1a:DEL141/143,686:694,420:428,gtcatttga,tctaa,actta,"hCoV-19/USA/SEARCH-0264-NBG/2020,hCoV-19/USA/SEARCH-0306-NBG/2020,hCoV-19/USA/SEARCH-0518-SAN/2020,hCoV-19/USA/SEARCH-0616-SAN/2020,hCoV-19/USA/SEARCH-0637-SAN/2020,hCoV-19/USA/SEARCH-0788-SAN/2020,hCoV-19/USA/SEARCH-0928-SAN/2020,hCoV-19/USA/ALSR-1379/2020,hCoV-19/USA/ALSR-1527/2020,hCoV-19/USA/ALSR-1543/2020,hCoV-19/USA/ALSR-1582/2020,hCoV-19/USA/SEARCH-1948-SAN/2020,hCoV-19/USA/SEARCH-1959-SAN/2020,hCoV-19/USA/SEARCH-2420-SAN/2020,hCoV-19/USA/SEARCH-3811-SAN/2020,hCoV-19/JOR/SEARCH-3969-JOR/2020,hCoV-19/JOR/SEARCH-3970-JOR/2020,hCoV-19/USA/SEARCH-5385-SAN/2020,hCoV-19/USA/SEARCH-5690-SAN/2020,hCoV-19/USA/SEARCH-6472/2020,hCoV-19/USA/SEARCH-6706/2020,hCoV-19/USA/SEARCH-6796/2020,hCoV-19/USA/SEARCH-6815/2020,hCoV-19/USA/SEARCH-6839/2020,hCoV-19/USA/SEARCH-6908/2020",25
deletion,N,12,N:DEL207/210,28890:28901,28624:28635,cctgctagaatg,acttc,ggctg,"hCoV-19/USA/SEARCH-2285-SAN/2020,hCoV-19/USA/SEARCH-2286-SAN/2020,hCoV-19/USA/SEARCH-2366-SAN/2020,hCoV-19/USA/SEARCH-2379-SAN/2020,hCoV-19/USA/SEARCH-2686-SAN/2020,hCoV-19/USA/SEARCH-2805-SAN/2020,hCoV-19/USA/SEARCH-2828-SAN/2020,hCoV-19/USA/SEARCH-2856-SAN/2020,hCoV-19/USA/SEARCH-2867-SAN/2020,hCoV-19/USA/SEARCH-2902-SAN/2020,hCoV-19/USA/SEARCH-2935-SAN/2020,hCoV-19/USA/SEARCH-3208-SAN/2020,hCoV-19/USA/SEARCH-3209-SAN/2020,hCoV-19/USA/SEARCH-3215-SAN/2020,hCoV-19/USA/SEARCH-3232-SAN/2020,hCoV-19/USA/SEARCH-3407-SAN/2020,hCoV-19/USA/SEARCH-3426-SAN/2020,hCoV-19/USA/SEARCH-3427-SAN/2020,hCoV-19/USA/SEARCH-3570-SAN/2020,hCoV-19/USA/SEARCH-3592-SAN/2020,hCoV-19/USA/SEARCH-4138-SAN/2020,hCoV-19/USA/SEARCH-4181-SAN/2020,hCoV-19/USA/SEARCH-4346-SAN/2020,hCoV-19/MEX/SEARCH-4777-TIJ/2020",24
deletion,ORF7b,13,ORF7b:DEL42/45,27879:27891,27613:27625,cgcctaaacgaac,ttgtc,catga,"hCoV-19/USA/SEARCH-4415-SAN/2020,hCoV-19/USA/SEARCH-4448-SAN/2020,hCoV-19/USA/SEARCH-4467-SAN/2020,hCoV-19/USA/SEARCH-4471-SAN/2020,hCoV-19/USA/SEARCH-4630-SAN/2020,hCoV-19/USA/SEARCH-4668-SAN/2020,hCoV-19/USA/SEARCH-4729-SAN/2020,hCoV-19/USA/SEARCH-4755-SAN/2020,hCoV-19/USA/SEARCH-4833-SAN/2020,hCoV-19/USA/SEARCH-4881-SAN/2020,hCoV-19/USA/SEARCH-5346-SAN/2020,hCoV-19/USA/SEARCH-5644-SAN/2020,hCoV-19/MEX/SEARCH-5716-TIJ/2020,hCoV-19/USA/SEARCH-5966-SAN/2020,hCoV-19/USA/SEARCH-5970-SAN/2020,hCoV-19/USA/SEARCH-6265/2020,hCoV-19/USA/SEARCH-6275/2020,hCoV-19/USA/SEARCH-6314/2020,hCoV-19/USA/SEARCH-6352/2020,hCoV-19/MEX/SEARCH-6615/2020,hCoV-19/USA/SEARCH-6854/2020,hCoV-19/USA/SEARCH-6947/2020,hCoV-19/USA/SEARCH-6999/2020",23
deletion,ORF8,6,ORF8:DEL67/68,28090:28095,27824:27829,tctaaa,gctgg,atcac,"hCoV-19/USA/SEARCH-2294-SAN/2020,hCoV-19/USA/SEARCH-2393-SAN/2020,hCoV-19/USA/SEARCH-2437-SAN/2020,hCoV-19/USA/SEARCH-3223-SAN/2020,hCoV-19/USA/SEARCH-4583-SAN/2020,hCoV-19/JOR/SEARCH-4980-JOR/2020,hCoV-19/JOR/SEARCH-4989-JOR/2020,hCoV-19/JOR/SEARCH-5221-JOR/2020,hCoV-19/JOR/SEARCH-5241-JOR/2020,hCoV-19/JOR/SEARCH-5257-JOR/2020,hCoV-19/USA/SEARCH-5982-SAN/2020,hCoV-19/USA/SEARCH-6178-RIV/2020,hCoV-19/USA/SEARCH-6211-SAN/2020,hCoV-19/USA/SEARCH-6762/2020,hCoV-19/USA/SEARCH-7031/2020",15
deletion,ORF3a,4,ORF3a:DEL256/256,26158:26161,25892:25895,taat,agttg,tccag,"hCoV-19/USA/SEARCH-2907-SAN/2020,hCoV-19/USA/SEARCH-2913-SAN/2020,hCoV-19/USA/SEARCH-2926-SAN/2020,hCoV-19/USA/SEARCH-2948-SAN/2020,hCoV-19/USA/SEARCH-2953-SAN/2020,hCoV-19/USA/SEARCH-3511-SAN/2020,hCoV-19/USA/SEARCH-3523-SAN/2020,hCoV-19/USA/SEARCH-4355-SAN/2020,hCoV-19/USA/SEARCH-4371-SAN/2020,hCoV-19/JOR/SEARCH-5193-JOR/2020,hCoV-19/USA/SEARCH-6017-SAN/2020,hCoV-19/USA/SEARCH-6084-SAN/2020,hCoV-19/USA/SEARCH-6239-SAN/2020,hCoV-19/USA/SEARCH-6365/2020,hCoV-19/USA/SEARCH-6941/2020",15
deletion,ORF1a,3,ORF1a:DEL85,516:518,250:252,atg,catgt,ggttg,"hCoV-19/USA/SEARCH-4342-SAN/2020,hCoV-19/USA/SEARCH-4343-SAN/2020,hCoV-19/USA/SEARCH-4344-SAN/2020,hCoV-19/USA/SEARCH-4359-SAN/2020,hCoV-19/USA/SEARCH-4365-SAN/2020,hCoV-19/USA/SEARCH-4380-SAN/2020,hCoV-19/USA/SEARCH-4381-SAN/2020,hCoV-19/USA/SEARCH-4384-SAN/2020,hCoV-19/USA/SEARCH-4385-SAN/2020,hCoV-19/USA/SEARCH-4391-SAN/2020",10
deletion,ORF1a,6,ORF1a:DEL84/85,515:520,249:254,tatggt,tcatg,ttgag,"Consensus_SEARCH-0007-SAN_L1_threshold_0_quality_20,hCoV-19/USA/SEARCH-0438-SAN/2020,hCoV-19/USA/SEARCH-2611-SAN/2020,hCoV-19/USA/SEARCH-3886-SAN/2020,hCoV-19/USA/SEARCH-4206-SAN/2020,hCoV-19/USA/SEARCH-5691-SAN/2020",6
deletion,S,6,S:DEL243/244,22289:22294,22023:22028,tttaca,acttg,ataga,"hCoV-19/USA/SEARCH-5820-NBG/2020,hCoV-19/USA/SEARCH-5826-NBG/2020,hCoV-19/USA/SEARCH-6526/2020,hCoV-19/USA/SEARCH-6528/2020,hCoV-19/USA/SEARCH-6529/2020,hCoV-19/USA/SEARCH-6531/2020",6
deletion,N,6,N:DEL401/402,29472:29477,29206:29211,gatgat,gattt,tttct,"hCoV-19/USA/SEARCH-3034-SAN/2020,hCoV-19/USA/SEARCH-3129-SAN/2020,hCoV-19/USA/SEARCH-3143-SAN/2020,hCoV-19/USA/SEARCH-3146-SAN/2020,hCoV-19/USA/SEARCH-3149-SAN/2020",5
deletion,ORF1a,3,ORF1a:DEL3199,9858:9860,9592:9594,tta,gtgct,acctc,"hCoV-19/USA/SEARCH-6538/2020,hCoV-19/USA/SEARCH-6728/2020,hCoV-19/USA/SEARCH-6730/2020,hCoV-19/USA/SEARCH-6732/2020,hCoV-19/USA/SEARCH-6733/2020",5
deletion,ORF8,12,ORF8:DEL117/120,28242:28253,27976:27987,tttagatttcat,tgttg,tctaa,"hCoV-19/USA/SEARCH-5864-SAN/2020,hCoV-19/USA/SEARCH-6322/2020,hCoV-19/USA/SEARCH-6395/2020,hCoV-19/USA/SEARCH-6482/2020,hCoV-19/USA/SEARCH-6835/2020",5
deletion,ORF7b,4,ORF7b:DEL14/14,27794:27797,27528:27531,tagc,gcttt,ccttt,"hCoV-19/JOR/SEARCH-3934-JOR/2020,hCoV-19/JOR/SEARCH-5018-JOR/2020,hCoV-19/JOR/SEARCH-5282-JOR/2020,hCoV-19/JOR/SEARCH-5295-JOR/2020",4
deletion,ORF3a,12,ORF3a:DEL12/15,25424:25435,25158:25169,actgtaactttg,attgg,gaagc,"hCoV-19/USA/SEARCH-6628/2020,hCoV-19/USA/SEARCH-7020/2020,hCoV-19/USA/SEARCH-7023/2020,hCoV-19/USA/SEARCH-7028/2020",4
deletion,S,12,S:DEL141/144,21982:21993,21716:21727,tgggtgtttatt,cattt,tacca,"hCoV-19/USA/SEARCH-0187-SAN/2020,hCoV-19/USA/SEARCH-4199-SAN/2020,hCoV-19/USA/SEARCH-6235-SAN/2020",3
deletion,ORF7a,3,ORF7a:DEL63/63,27579:27581,27313:27315,ttg,ctcaa,gcttt,"hCoV-19/MEX/SEARCH-2549-TIJ/2020,hCoV-19/USA/SEARCH-5336-SAN/2020,hCoV-19/USA/SEARCH-6100-SAN/2020",3
deletion,ORF1a,15,ORF1a:DEL82/86,508:522,242:256,gtcatgttatggttg,ctcat,gagct,"hCoV-19/USA/SEARCH-0491-SAN/2020,hCoV-19/USA/SEARCH-6100-SAN/2020,hCoV-19/MEX/SEARCH-6340/2020",3
deletion,S,9,S:DEL141/143,21981:21989,21715:21723,ttgggtgtt,ccatt,ttatt,"hCoV-19/USA/SEARCH-4531-SAN/2020,hCoV-19/USA/SEARCH-4690-SAN/2020,hCoV-19/USA/SEARCH-4691-SAN/2020",3
deletion,ORF7a,8,ORF7a:DEL120/121,27750:27757,27484:27491,cagaatga,gaaag,attga,"hCoV-19/MEX/SEARCH-2501-TIJ/2020,hCoV-19/MEX/SEARCH-2567-TIJ/2020,hCoV-19/USA/SEARCH-4603-SAN/2020",3
deletion,ORF1a,14,ORF1a:DEL83/86,510:523,244:257,catgttatggttga,catgg,agctg,"hCoV-19/USA/SEARCH-2176-SAN/2020,hCoV-19/USA/SEARCH-2182-SAN/2020",2
deletion,ORF7a,13,ORF7a:DEL59/62,27568:27580,27302:27314,tagcactcaattt,ttgct,tgctt,"hCoV-19/USA/SEARCH-1734-SAN/2020,hCoV-19/USA/SEARCH-1792-SAN/2020",2
deletion,ORF3a,9,ORF3a:DEL11/13,25423:25431,25157:25165,aactgtaac,aattg,ctttg,"hCoV-19/USA/SEARCH-0142-NBG/2020,hCoV-19/JOR/SEARCH-5154-JOR/2020",2
deletion,ORF7a,3,ORF7a:DEL110/110,27721:27723,27455:27457,aac,gttta,cactt,"hCoV-19/USA/SEARCH-6520/2020,hCoV-19/USA/SEARCH-6975/2020",2
deletion,ORF1a,9,ORF1a:DEL83/85,510:518,244:252,catgttatg,catgg,ggttg,"hCoV-19/USA/SEARCH-0174-NBG/2020,hCoV-19/USA/SEARCH-0320-NBG/2020",2
deletion,S,3,S:DEL242/242,22286:22288,22020:22022,tgc,tttac,cttta,"hCoV-19/USA/SEARCH-0068-NBG/2020,hCoV-19/USA/SEARCH-0075-NBG/2020",2
deletion,ORF8,3,ORF8:DEL58/58,28065:28067,27799:27801,tga,tttaa,aattg,"hCoV-19/USA/SEARCH-2093-SAN/2020,hCoV-19/USA/SEARCH-2162-SAN/2020",2
deletion,ORF7a,44,ORF7a:DEL61/74,27572:27615,27306:27349,actcaatttgcttttgcttgtcctgacggcgtaaaacacgtcta,tttag,atcag,"hCoV-19/MEX/SEARCH-2486-TIJ/2020,hCoV-19/MEX/SEARCH-2488-TIJ/2020",2
deletion,ORF8,4,ORF8:DEL117/117,28240:28243,27974:27977,gttt,cgtgt,ttaga,"hCoV-19/JOR/SEARCH-4018-JOR/2020,hCoV-19/JOR/SEARCH-4019-JOR/2020",2
deletion,ORF3a,24,ORF3a:DEL256/263,26156:26179,25890:25913,gttaatccagtaatggaaccaatt,ggagt,ttatg,"hCoV-19/USA/SEARCH-2787-SAN/2020,hCoV-19/USA/SEARCH-2795-SAN/2020",2
deletion,ORF7a,2,ORF7a:DEL110,27720:27721,27454:27455,ta,tgttt,aacac,"hCoV-19/USA/SEARCH-5411-SAN/2020,hCoV-19/USA/SEARCH-6796/2020",2
deletion,ORF1a,3,ORF1a:DEL448,1605:1607,1339:1341,gac,cttaa,caacc,"Consensus_SEARCH-0016-SAN_L1_threshold_0_quality_20,hCoV-19/USA/SEARCH-4351-SAN/2020",2
deletion,ORF1b,2,ORF1b:DEL2224,20136:20137,19870:19871,aa,ccgta,aacac,hCoV-19/USA/SEARCH-0303-NBG/2020,1
deletion,N,12,N:DEL208/211,28893:28904,28627:28638,gctagaatggct,tctcc,tggca,hCoV-19/JOR/SEARCH-5222-JOR/2020,1
deletion,ORF1a,3,ORF1a:DEL1928,6045:6047,5779:5781,ttt,gataa,taagt,hCoV-19/JOR/SEARCH-5272-JOR/2020,1
deletion,ORF1a,6,ORF1a:DEL86/87,519:524,253:258,gttgag,gttat,gctgg,hCoV-19/USA/SEARCH-3519-SAN/2020,1
deletion,ORF1a,4,ORF1a:DEL17/17,314:317,48:51,tttg,actca,gcctg,hCoV-19/USA/SEARCH-0216-SAN/2020,1
deletion,ORF1a,18,ORF1a:DEL1023/1028,3331:3348,3065:3082,ttgaagtgaatagtttta,agact,agtgg,hCoV-19/USA/SEARCH-0854-NBG/2020,1
deletion,ORF1a,23,ORF1a:DEL2254/2260,7025:7047,6759:6781,gtctaatttaggcatgccttctt,tttaa,tactg,hCoV-19/USA/ALSR-1454/2020,1
deletion,ORF1a,24,ORF1a:DEL2131/2138,6656:6679,6390:6413,tagtgtcccttgggatactatagc,tgtta,ctaat,hCoV-19/USA/SEARCH-3559-SAN/2020,1
deletion,ORF1a,24,ORF1a:DEL202/209,868:891,602:625,aagaccttctagcacgtgctggta,gcatt,aaagc,hCoV-19/USA/SEARCH-3882-SAN/2020,1
deletion,ORF1a,21,ORF1a:DEL943/949,3090:3110,2824:2844,ccatcaactcaatatgagtat,tttga,tggta,hCoV-19/USA/SEARCH-3730-SAN/2020,1
deletion,ORF1a,12,ORF1a:DEL158/161,737:748,471:482,agaaaactggaa,ttttc,acact,hCoV-19/USA/SEARCH-6386/2020,1
deletion,S,28,S:DEL665/673,23555:23582,23289:23316,cattggtgcaggtatatgcgctagttat,catac,tcaga,hCoV-19/USA/ALSR-1679/2020,1
deletion,N,18,N:DEL203/208,28879:28896,28613:28630,ggggaacttctcctgcta,gcagt,agaat,hCoV-19/USA/SEARCH-4145-SAN/2020,1
deletion,N,16,N:DEL385/389,29426:29441,29160:29175,acagaagaaacagcaa,gcaga,aactg,hCoV-19/MEX/SEARCH-2505-TIJ/2020,1
deletion,M,3,M:DEL178/178,27053:27055,26787:26789,att,tttct,tacaa,hCoV-19/USA/SEARCH-0152-NBG/2020,1
deletion,ORF7a,12,ORF7a:DEL59/62,27568:27579,27302:27313,tagcactcaatt,ttgct,ttgct,Consensus_SEARCH-0047-JOR_L1_L2_L3_L4_threshold_0_quality_20,1
deletion,ORF10,13,ORF10:DEL5/8,29570:29582,29304:29316,cgttttcgctttt,tataa,tccgt,hCoV-19/USA/SEARCH-6108-SAN/2020,1
deletion,S,3,S:DEL128,21942:21944,21676:21678,att,gttgt,taaag,hCoV-19/MEX/SEARCH-6584/2020,1
deletion,S,3,S:DEL144,21990:21992,21724:21726,tat,ggtgt,ttacc,hCoV-19/USA/SEARCH-6796/2020,1
deletion,S,3,S:DEL200/200,22159:22161,21893:21895,att,atggt,tttaa,hCoV-19/USA/SEARCH-2287-SAN/2020,1
deletion,S,3,S:DEL6,21576:21578,21310:21312,gtt,tttct,tttat,hCoV-19/MEX/SEARCH-6609/2020,1
deletion,ORF7a,21,ORF7a:DEL110/116,27721:27741,27455:27475,aacactttgcttcacactcaa,gttta,aaaga,hCoV-19/USA/SEARCH-5694-SBD/2020,1
deletion,ORF7a,19,ORF7a:DEL96/101,27678:27696,27412:27430,tttactctccaatttttct,aagaa,ttatt,hCoV-19/USA/SEARCH-2117-SAN/2020,1
deletion,ORF7a,18,ORF7a:DEL59/64,27568:27585,27302:27319,tagcactcaatttgcttt,ttgct,ttgct,hCoV-19/USA/SEARCH-6675/2020,1
deletion,ORF3a,6,ORF3a:DEL131/132,25781:25786,25515:25520,tggaaa,ctttg,atgcc,hCoV-19/USA/SEARCH-1927-SAN/2020,1
deletion,ORF1b,3,ORF1b:DEL2182/2182,20010:20012,19744:19746,tag,gtcaa,gactt,hCoV-19/USA/SEARCH-5725-SAN/2020,1
deletion,ORF1b,5,ORF1b:DEL1294/1294,17345:17349,17079:17083,gttgt,gatat,tcttt,hCoV-19/MEX/SEARCH-2532-TIJ/2020,1
deletion,ORF1b,19,ORF1b:DEL1246/1251,17201:17219,16935:16953,aaatatttgcctatagata,gcatt,aaatg,hCoV-19/MEX/SEARCH-2532-TIJ/2020,1
deletion,ORF1b,44,ORF1b:DEL373/386,14584:14627,14318:14361,tgcttctggtaatctattactagataaacgcactacgtgctttt,gcacg,tcagt,hCoV-19/USA/SEARCH-0244-SAN/2020,1
deletion,ORF3a,3,ORF3a:DEL255/255,26155:26157,25889:25891,tgt,cggag,ttaat,hCoV-19/JOR/SEARCH-5148-JOR/2020,1
deletion,ORF3a,3,ORF3a:DEL257,26159:26161,25893:25895,aat,gttgt,tccag,hCoV-19/USA/SEARCH-6543/2020,1
deletion,ORF3a,6,ORF3a:DEL35/36,25493:25498,25227:25232,ataccg,gcaac,gatac,hCoV-19/USA/SEARCH-0155-NBG/2020,1
deletion,ORF7a,12,ORF7a:DEL80/83,27629:27640,27363:27374,agatcagtttca,cgtgc,accta,hCoV-19/USA/SEARCH-1190-SAN/2020,1
deletion,ORF3a,24,ORF3a:DEL48/55,25532:25555,25266:25289,gttggcgttgcacttcttgctgtt,cttat,ttttc,hCoV-19/USA/SEARCH-3036-SAN/2020,1
deletion,ORF6,2,ORF6:DEL23,27267:27268,27001:27002,aa,ctttt,agttt,hCoV-19/USA/SEARCH-0840-SAN/2020,1
deletion,ORF6,27,ORF6:DEL22/30,27264:27290,26998:27024,ttaaagtttccatttggaatcttgatt,ggact,tacat,hCoV-19/USA/SEARCH-3236-SAN/2020,1
deletion,ORF6,28,ORF6:DEL23/31,27266:27293,27000:27027,aaagtttccatttggaatcttgattaca,acttt,atcat,hCoV-19/USA/SEARCH-1921-SAN/2020,1
deletion,ORF7a,9,ORF7a:DEL63/65,27579:27587,27313:27321,ttgcttttg,ctcaa,gcttg,hCoV-19/USA/SEARCH-0068-NBG/2020,1
deletion,ORF8,27,ORF8:DEL65/73,28084:28110,27818:27844,gctggttctaaatcacccattcagtac,gatga,catcg,hCoV-19/USA/SEARCH-4298-SAN/2020,1
deletion,ORF8,6,ORF8:DEL66/67,28087:28092,27821:27826,ggttct,gaggc,taaat,hCoV-19/USA/SEARCH-6975/2020,1
deletion,ORF8,4,ORF8:DEL119/119,28248:28251,27982:27985,tttc,tttag,catct,hCoV-19/USA/SEARCH-6458/2020,1
deletion,ORF1b,2,ORF1b:DEL2262,20249:20250,19983:19984,at,atgga,ttgat,hCoV-19/USA/SEARCH-0231-SAN/2020,1
deletion,ORF10,15,ORF10:DEL7/11,29574:29588,29308:29322,ttcgcttttccgttt,aacgt,tacga,hCoV-19/USA/SEARCH-2405-SAN/2020,1
deletion,ORF1a,3,ORF1a:DEL2020/2020,6323:6325,6057:6059,aac,agttg,catca,hCoV-19/JOR/SEARCH-5487-JOR/2020,1
deletion,ORF1a,6,ORF1a:DEL445/446,1598:1603,1332:1337,tcttaa,cgaag,atgac,hCoV-19/USA/SEARCH-6543/2020,1
deletion,ORF1a,3,ORF1a:DEL54,423:425,157:159,gta,ggctt,agaag,hCoV-19/USA/SEARCH-3873-SAN/2020,1
deletion,ORF1a,3,ORF1a:DEL85/85,518:520,252:254,ggt,tgtta,ttgag,hCoV-19/USA/SEARCH-0979-SAN/2020,1
deletion,ORF1b,2,ORF1b:DEL323,14433:14434,14167:14168,aa,tgaga,aatat,hCoV-19/USA/SEARCH-2646-SAN/2020,1
deletion,ORF1a,6,ORF1a:DEL141/142,685:690,419:424,agtcat,atcta,tttga,hCoV-19/USA/SEARCH-6352/2020,1
deletion,ORF1a,6,ORF1a:DEL224/225,933:938,667:672,actaag,attga,gaggg,hCoV-19/JOR/SEARCH-4989-JOR/2020,1
deletion,ORF1a,6,ORF1a:DEL3670/3671,11271:11276,11005:11010,gttgat,gatat,tacta,hCoV-19/USA/SEARCH-6314/2020,1
deletion,ORF3a,8,ORF3a:DEL257/258,26160:26167,25894:25901,atccagta,ttgtt,aatgg,hCoV-19/USA/SEARCH-4264-SAN/2020,1
deletion,ORF7b,3,ORF7b:DEL14/14,27795:27797,27529:27531,agc,ctttt,ccttt,hCoV-19/USA/SEARCH-2022-SAN/2020,1
deletion,ORF1b,2,ORF1b:DEL49,13611:13612,13345:13346,aa,tccaa,aaagg,hCoV-19/USA/SEARCH-0851-NBG/2020,1
deletion,ORF1b,3,ORF1b:DEL2018/2018,19518:19520,19252:19254,atc,gattg,ctcga,hCoV-19/USA/SEARCH-0698-SAN/2020,1
deletion,ORF7a,24,ORF7a:DEL99/106,27686:27709,27420:27443,ccaatttttcttattgttgcggca,tactc,aatag,hCoV-19/USA/SEARCH-4389-SAN/2020,1
deletion,ORF7a,34,ORF7a:DEL36/46,27498:27531,27232:27265,cttctggaacatacgagggcaattcaccatttca,cttgc,atcct,hCoV-19/USA/SEARCH-0573-IPL/2020,1
deletion,ORF7a,35,ORF7a:DEL49/59,27538:27572,27272:27306,agctgataacaaatttgcactgacttgctttagca,tcctc,actca,hCoV-19/MEX/SEARCH-1480-TIJ/2020,1
deletion,ORF7a,44,ORF7a:DEL63/76,27580:27623,27314:27357,tgcttttgcttgtcctgacggcgtaaaacacgtctatcagttac,tcaat,cgtgc,hCoV-19/JOR/SEARCH-5137-JOR/2020,1
deletion,ORF7a,54,ORF7a:DEL102/119,27697:27750,27431:27484,tattgttgcggcaatagtgtttataacactttgcttcacactcaaaagaaagac,ttttc,cagaa,hCoV-19/JOR/SEARCH-4026-JOR/2020,1
deletion,ORF7a,62,ORF7a:DEL55/74,27556:27617,27290:27351,actgacttgctttagcactcaatttgcttttgcttgtcctgacggcgtaaaacacgtctatc,atttg,cagtt,hCoV-19/USA/SEARCH-5674-SAN/2020,1
deletion,ORF7b,2,ORF7b:DEL13/12,27792:27793,27526:27527,tt,gtgct,ttagc,hCoV-19/USA/SEARCH-6449/2020,1
deletion,ORF10,8,ORF10:DEL7/8,29574:29581,29308:29315,ttcgcttt,aacgt,ttccg,hCoV-19/USA/SEARCH-6425/2020,1
