type,gene,absolute_coords,del_len,pos,ref_aa,codon_num,num_samples,first_detected,last_detected,locations,location_counts,gisaid_num_samples,gisaid_1st_detected,gisaid_last_detected,gisaid_countries,gisaid_country_counts,gisaid_states,gisaid_state_counts,gisaid_locations,gisaid_location_counts,samples,ref_codon,prev_5nts,next_5nts
deletion,ORF8,28090:28092,3,28090,G,66,49,2020-09-30,2020-11-06,"['Jordan/Amman', 'Jordan/Irbid']","[44, 5]",28.0,2020-11-13,2020-11-23,"['Jordan', 'USA']","[27, 1]","['Amman', 'Michigan']","[27, 1]",['unk'],[28],"['hCoV-19/JOR/SEARCH-3903-JOR/2020' 'hCoV-19/JOR/SEARCH-3906-JOR/2020'
 'hCoV-19/JOR/SEARCH-3930-JOR/2020' 'hCoV-19/JOR/SEARCH-3940-JOR/2020'
 'hCoV-19/JOR/SEARCH-3941-JOR/2020' 'hCoV-19/JOR/SEARCH-3951-JOR/2020'
 'hCoV-19/JOR/SEARCH-3966-JOR/2020' 'hCoV-19/JOR/SEARCH-3967-JOR/2020'
 'hCoV-19/JOR/SEARCH-3986-JOR/2020' 'hCoV-19/JOR/SEARCH-3987-JOR/2020'
 'hCoV-19/JOR/SEARCH-3990-JOR/2020' 'hCoV-19/JOR/SEARCH-3991-JOR/2020'
 'hCoV-19/JOR/SEARCH-3992-JOR/2020' 'hCoV-19/JOR/SEARCH-4009-JOR/2020'
 'hCoV-19/JOR/SEARCH-4020-JOR/2020' 'hCoV-19/JOR/SEARCH-4021-JOR/2020'
 'hCoV-19/JOR/SEARCH-4025-JOR/2020' 'hCoV-19/JOR/SEARCH-4035-JOR/2020'
 'hCoV-19/JOR/SEARCH-4036-JOR/2020' 'hCoV-19/JOR/SEARCH-4054-JOR/2020'
 'hCoV-19/JOR/SEARCH-4055-JOR/2020' 'hCoV-19/JOR/SEARCH-4059-JOR/2020'
 'hCoV-19/JOR/SEARCH-4086-JOR/2020' 'hCoV-19/JOR/SEARCH-4087-JOR/2020'
 'hCoV-19/JOR/SEARCH-4088-JOR/2020' 'hCoV-19/JOR/SEARCH-4089-JOR/2020'
 'hCoV-19/JOR/SEARCH-4098-JOR/2020' 'hCoV-19/JOR/SEARCH-4963-JOR/2020'
 'hCoV-19/JOR/SEARCH-4966-JOR/2020' 'hCoV-19/JOR/SEARCH-4967-JOR/2020'
 'hCoV-19/JOR/SEARCH-4977-JOR/2020' 'hCoV-19/JOR/SEARCH-4994-JOR/2020'
 'hCoV-19/JOR/SEARCH-5150-JOR/2020' 'hCoV-19/JOR/SEARCH-5168-JOR/2020'
 'hCoV-19/JOR/SEARCH-5175-JOR/2020' 'hCoV-19/JOR/SEARCH-5176-JOR/2020'
 'hCoV-19/JOR/SEARCH-5199-JOR/2020' 'hCoV-19/JOR/SEARCH-5211-JOR/2020'
 'hCoV-19/JOR/SEARCH-5228-JOR/2020' 'hCoV-19/JOR/SEARCH-5236-JOR/2020'
 'hCoV-19/JOR/SEARCH-5237-JOR/2020' 'hCoV-19/JOR/SEARCH-5291-JOR/2020'
 'hCoV-19/JOR/SEARCH-5294-JOR/2020' 'hCoV-19/JOR/SEARCH-5298-JOR/2020'
 'hCoV-19/JOR/SEARCH-5300-JOR/2020' 'hCoV-19/JOR/SEARCH-5306-JOR/2020'
 'hCoV-19/JOR/SEARCH-5311-JOR/2020' 'hCoV-19/JOR/SEARCH-5319-JOR/2020'
 'hCoV-19/JOR/SEARCH-5326-JOR/2020']",GGT,gctgg,taaat
deletion,N,28890:28901,12,28890,S,206,24,2020-06-16,2020-08-25,"['MEX/Baja California/Tijuana', 'USA/California/San Diego']","[1, 23]",24.0,2020-09-28,2020-11-22,"['USA', 'United Kingdom']","[23, 1]","['California', 'England']","[23, 1]","['San Diego', 'unk']","[23, 1]","['hCoV-19/USA/SEARCH-2285-SAN/2020' 'hCoV-19/USA/SEARCH-2286-SAN/2020'
 'hCoV-19/USA/SEARCH-2366-SAN/2020' 'hCoV-19/USA/SEARCH-2379-SAN/2020'
 'hCoV-19/USA/SEARCH-2686-SAN/2020' 'hCoV-19/USA/SEARCH-2805-SAN/2020'
 'hCoV-19/USA/SEARCH-2828-SAN/2020' 'hCoV-19/USA/SEARCH-2856-SAN/2020'
 'hCoV-19/USA/SEARCH-2867-SAN/2020' 'hCoV-19/USA/SEARCH-2902-SAN/2020'
 'hCoV-19/USA/SEARCH-2935-SAN/2020' 'hCoV-19/USA/SEARCH-3208-SAN/2020'
 'hCoV-19/USA/SEARCH-3209-SAN/2020' 'hCoV-19/USA/SEARCH-3215-SAN/2020'
 'hCoV-19/USA/SEARCH-3232-SAN/2020' 'hCoV-19/USA/SEARCH-3407-SAN/2020'
 'hCoV-19/USA/SEARCH-3426-SAN/2020' 'hCoV-19/USA/SEARCH-3427-SAN/2020'
 'hCoV-19/USA/SEARCH-3570-SAN/2020' 'hCoV-19/USA/SEARCH-3592-SAN/2020'
 'hCoV-19/USA/SEARCH-4138-SAN/2020' 'hCoV-19/USA/SEARCH-4181-SAN/2020'
 'hCoV-19/USA/SEARCH-4346-SAN/2020' 'hCoV-19/MEX/SEARCH-4777-TIJ/2020']",TCT,acttc,ggctg
deletion,ORF1ab,686:694,9,686,K,141,17,2020-03-31,2020-10-03,"['Jordan/Amman', 'USA/California/San Diego', 'USA/Louisiana/New Orleans']","[2, 13, 2]",1183.0,2020-02-11,2020-12-18,"['Australia', 'Belgium', 'Belize', 'Brazil', 'Burkina Faso', 'Canada', 'Colombia', 'Croatia', 'Czech Republic', 'Democratic Republic of the Congo', 'Denmark', 'Egypt', 'Equatorial Guinea', 'Finland', 'France', 'Germany', 'Ghana', 'Iceland', 'India', 'Ireland', 'Israel', 'Italy', 'Japan', 'Jordan', 'Kenya', 'Malaysia', 'Mali', 'Netherlands', 'New Zealand', 'Portugal', 'Rwanda', 'Saudi Arabia', 'Slovenia', 'South Africa', 'Spain', 'Sweden', 'Switzerland', 'Turkey', 'USA', 'United Arab Emirates', 'United Kingdom', 'Zimbabwe']","[107, 21, 1, 4, 2, 43, 2, 1, 2, 1, 207, 1, 2, 4, 10, 4, 1, 1, 4, 4, 2, 3, 34, 2, 2, 2, 1, 6, 3, 5, 2, 4, 1, 5, 5, 23, 2, 2, 281, 5, 369, 2]","['Abu Dhabi', 'Aichi', 'Amazonas', 'Amman', 'Andalusia', 'Aragon', 'Arizona', 'Auckland', 'Australia', 'Australian Capital Territory', 'Bamako', 'Basel-Stadt', 'Bavaria', 'Belmopan', 'Berlin', 'Bioko Norte', 'California', 'Canary Islands', 'Central Bohemian Region', 'Centre-Val de Loire', 'Comunitat Valenciana', 'Connecticut', 'Cork', 'Denmark', 'Departamento de Amazonas', 'Dublin', 'Eastern Cape', 'Egypt', 'England', 'Florida', 'Gauteng', 'Gent', 'Halland', 'Hauts-Bassins', 'Hovedstaden', 'Ile de France', 'Illinois', 'Istanbul', 'Japan', 'Jerusalem District', 'Kalmar', 'Kanto', 'Karnataka', 'Kinshasa', 'Kuala Lumpur', 'KwaZulu-Natal', 'Kwale', 'Liège', 'Louisiana', 'Madinah', 'Maharashtra', 'Makkah', 'Manitoba', 'Massachusetts', 'Meath', 'Michigan', 'Midtjylland', 'Minnesota', 'Navarra', 'Netherlands', 'New Jersey', 'New Mexico', 'New South Wales', 'New York', 'Nordjylland', 'Norrbotten', 'North Holland', 'North Rhine Westphalia', 'North-West', 'Northern Ireland', 'Nouvelle-Aquitaine', 'Occitanie', 'Offaly', 'Ohio', 'Oklahoma', 'Ontario', 'Orebro', 'Oregon', 'Ostergotland', 'Piedmont', 'Portugal', 'Prague', ""Provence-Alpes-Côte d'Azur"", 'Quebec', 'Reykjavik', 'Rio Grande do Norte', 'Riyadh', 'Rwanda', 'Scotland', 'Sjaelland', 'Skane', 'Slovenia', 'South Australia', 'South Holland', 'Southern', 'Stockholm', 'Syddanmark', 'Tasmania', 'Tel Aviv District', 'Texas', 'Tuscany', 'USA', 'United Arab Emirates', 'Utah', 'Uusimaa', 'Varmland', 'Vasternorrland', 'Vastmanland', 'Vastra Gotaland', 'Victoria', 'Virginia', 'Volta', 'Wales', 'Washington', 'West Bengal', 'Western Australia', 'Wisconsin', 'Wyoming', 'Zagreb', 'Zimbabwe']","[4, 1, 3, 2, 1, 1, 1, 2, 1, 1, 1, 2, 2, 1, 1, 2, 45, 1, 1, 1, 1, 4, 1, 3, 2, 1, 1, 1, 297, 31, 1, 2, 6, 2, 24, 1, 3, 2, 32, 1, 1, 1, 2, 1, 2, 1, 2, 19, 31, 1, 1, 2, 2, 2, 1, 5, 63, 6, 1, 2, 4, 1, 7, 41, 8, 1, 2, 1, 2, 1, 1, 1, 1, 2, 1, 26, 1, 13, 2, 1, 5, 1, 6, 15, 1, 1, 1, 2, 11, 9, 1, 1, 2, 2, 1, 1, 100, 2, 1, 18, 2, 1, 1, 30, 4, 1, 2, 1, 6, 93, 11, 1, 60, 10, 1, 1, 20, 1, 1, 2]","['Angers', 'Bee County', 'Bobo Dioulasso', 'Brooklyn', 'Chicago', 'Cizur Menor', 'Clackamas County', 'Columbia County WI', 'Columbus OH', 'Contra Costa County', 'Crawford County', 'Dane County', 'Duesseldorf', 'East Baton Rouge Parish', 'Harris County', 'Jim Wells County', 'King County', 'Klamath County', 'La Crosse County', 'Las Palmas de Gran Canaria', 'Live Oak County', 'London', 'Madera County', 'Madison Parish', 'Malabo', 'Manhattan', 'Marseille', 'Miami-Dade County', 'Milwaukee County', 'Montigny le Bretonneux', 'Multnomah County', 'Munich', 'Nagoya', 'New Orleans', 'New York City', 'North 24 Parganas', 'Nueces County', 'Oneida County', 'Orange County CA', 'Orange County NY', 'Ottawa', 'Ozaukee County', 'Pepin County', 'Poitiers', 'Queens', 'Racine County', 'Raigad', 'San Diego', 'San Diego County', 'San Francisco County', 'San Patricio County', 'Santa Clara County', 'Sevilla', 'Siena', 'South Yorkshire', 'Sydney', 'Tavernes de la Valldigna', 'Toronto', 'Toulouse', 'Trempealeau County', 'Tulare County', 'Turin', 'Wabasha County', 'Warren County', 'Washington County OR', 'Washington County WI', 'Waukesha County', 'Westchester County', 'Zaragoza', 'Zeleneč', 'unk']","[1, 1, 2, 3, 3, 1, 1, 1, 1, 1, 1, 5, 1, 3, 1, 2, 1, 1, 5, 1, 1, 1, 5, 26, 2, 3, 6, 2, 2, 1, 4, 1, 1, 2, 11, 1, 12, 1, 6, 1, 1, 1, 1, 1, 1, 1, 1, 2, 11, 2, 1, 6, 1, 2, 1, 6, 1, 21, 1, 1, 1, 1, 1, 2, 4, 1, 1, 1, 1, 1, 981]","['hCoV-19/USA/SEARCH-0264-NBG/2020' 'hCoV-19/USA/SEARCH-0306-NBG/2020'
 'hCoV-19/USA/SEARCH-0518-SAN/2020' 'hCoV-19/USA/SEARCH-0616-SAN/2020'
 'hCoV-19/USA/SEARCH-0637-SAN/2020' 'hCoV-19/USA/SEARCH-0788-SAN/2020'
 'hCoV-19/USA/SEARCH-0928-SAN/2020' 'hCoV-19/USA/ALSR-1379/2020'
 'hCoV-19/USA/ALSR-1527/2020' 'hCoV-19/USA/ALSR-1543/2020'
 'hCoV-19/USA/ALSR-1582/2020' 'hCoV-19/USA/SEARCH-1948-SAN/2020'
 'hCoV-19/USA/SEARCH-1959-SAN/2020' 'hCoV-19/USA/SEARCH-2420-SAN/2020'
 'hCoV-19/USA/SEARCH-3811-SAN/2020' 'hCoV-19/JOR/SEARCH-3969-JOR/2020'
 'hCoV-19/JOR/SEARCH-3970-JOR/2020']",AAG,tctaa,actta
deletion,ORF7b,27879:27891,13,27879,H,42,10,2020-10-20,2020-11-06,['USA/California/San Diego'],[10],,,,,,,,,,"['hCoV-19/USA/SEARCH-4415-SAN/2020' 'hCoV-19/USA/SEARCH-4448-SAN/2020'
 'hCoV-19/USA/SEARCH-4467-SAN/2020' 'hCoV-19/USA/SEARCH-4471-SAN/2020'
 'hCoV-19/USA/SEARCH-4630-SAN/2020' 'hCoV-19/USA/SEARCH-4668-SAN/2020'
 'hCoV-19/USA/SEARCH-4729-SAN/2020' 'hCoV-19/USA/SEARCH-4755-SAN/2020'
 'hCoV-19/USA/SEARCH-4833-SAN/2020' 'hCoV-19/USA/SEARCH-4881-SAN/2020']",CAC,ttgtc,catga
deletion,ORF1ab,516:518,3,516,V,84,10,2020-07-22,2020-08-01,['USA/California/San Diego'],[10],837.0,2020-03-18,2020-12-18,"['Australia', 'Belgium', 'Brazil', 'Denmark', 'Germany', 'Netherlands', 'Spain', 'USA', 'United Kingdom', 'Vietnam']","[8, 4, 1, 771, 1, 1, 1, 23, 26, 1]","['Arizona', 'Baden-Wuerttemberg', 'California', 'Delaware', 'Denmark', 'England', 'Faroe Islands', 'Gent', 'Hovedstaden', 'Liège', 'Madrid', 'Maryland', 'Midtjylland', 'Minnesota', 'New York', 'Nordjylland', 'Red River Delta', 'Scotland', 'Sjaelland', 'South Holland', 'Syddanmark', 'São Paulo', 'Tasmania', 'Utah', 'Victoria', 'Virgin Islands', 'Wales', 'Washington']","[1, 1, 10, 1, 4, 21, 1, 1, 39, 3, 1, 1, 222, 1, 1, 425, 1, 2, 14, 1, 66, 1, 1, 5, 7, 1, 3, 2]","['Faroe Islands', 'Hanoi', 'Kent County', 'Madrid', 'San Diego', 'South Yorkshire', 'Tuebingen', 'unk']","[1, 1, 1, 1, 10, 1, 1, 821]","['hCoV-19/USA/SEARCH-4342-SAN/2020' 'hCoV-19/USA/SEARCH-4343-SAN/2020'
 'hCoV-19/USA/SEARCH-4344-SAN/2020' 'hCoV-19/USA/SEARCH-4359-SAN/2020'
 'hCoV-19/USA/SEARCH-4365-SAN/2020' 'hCoV-19/USA/SEARCH-4380-SAN/2020'
 'hCoV-19/USA/SEARCH-4381-SAN/2020' 'hCoV-19/USA/SEARCH-4384-SAN/2020'
 'hCoV-19/USA/SEARCH-4385-SAN/2020' 'hCoV-19/USA/SEARCH-4391-SAN/2020']",GTT,catgt,ggttg
deletion,ORF8,28090:28095,6,28090,G,66,10,2020-07-02,2020-10-18,"['Jordan/Amman', 'Jordan/Aqaba', 'Jordan/Irbid', 'USA/California/San Diego']","[2, 2, 1, 5]",89.0,2020-03-25,2020-12-18,"['Australia', 'Canada', 'Denmark', 'France', 'Iceland', 'India', 'Netherlands', 'Norway', 'South Africa', 'Spain', 'USA', 'United Kingdom']","[7, 1, 10, 1, 1, 1, 1, 1, 1, 1, 12, 52]","['Andalusia', 'California', 'England', 'Georgia', 'Ile de France', 'Limburg', 'Maharashtra', 'Midtjylland', 'New South Wales', 'Northern Ireland', 'Northern Territory', 'Ontario', 'Reykjavik', 'Scotland', 'South Australia', 'Syddanmark', 'Texas', 'Utah', 'Victoria', 'Viken', 'Wales', 'Western Cape Province', 'Wisconsin']","[1, 4, 34, 1, 1, 1, 1, 8, 3, 10, 1, 1, 1, 6, 2, 2, 3, 2, 1, 1, 2, 1, 2]","['Dane County', 'Egreville', 'Harris County', 'Iowa County WI', 'Malaga', 'Raigad', 'San Diego', 'Sydney', 'Travis County', 'unk']","[1, 1, 1, 1, 1, 1, 4, 3, 2, 74]","['hCoV-19/USA/SEARCH-2294-SAN/2020' 'hCoV-19/USA/SEARCH-2393-SAN/2020'
 'hCoV-19/USA/SEARCH-2437-SAN/2020' 'hCoV-19/USA/SEARCH-3223-SAN/2020'
 'hCoV-19/USA/SEARCH-4583-SAN/2020' 'hCoV-19/JOR/SEARCH-4980-JOR/2020'
 'hCoV-19/JOR/SEARCH-4989-JOR/2020' 'hCoV-19/JOR/SEARCH-5221-JOR/2020'
 'hCoV-19/JOR/SEARCH-5241-JOR/2020' 'hCoV-19/JOR/SEARCH-5257-JOR/2020']",GGT,gctgg,atcac
deletion,ORF3a,26158:26161,4,26158,V,256,10,2020-07-17,2020-10-18,"['Jordan/Irbid', 'USA/California/San Diego']","[1, 9]",84.0,2020-04-12,2020-12-18,"['Australia', 'Belgium', 'Denmark', 'Georgia', 'India', 'Norway', 'Spain', 'Tunisia', 'USA', 'United Arab Emirates', 'United Kingdom']","[4, 1, 9, 2, 14, 2, 3, 1, 3, 7, 38]","['Abu Dhabi', 'Andalusia', 'Balear Islands', 'England', 'Florida', 'Gujarat', 'Hovedstaden', 'La Rioja', 'Liège', 'Midtjylland', 'Nordjylland', 'Oregon', 'Scotland', 'South Australia', 'Tbilisi', 'Tunis', 'Victoria', 'Viken', 'Wales']","[7, 1, 1, 32, 2, 14, 5, 1, 1, 3, 1, 1, 5, 3, 2, 1, 1, 2, 1]","['Ahmedabad', 'Choryasi', 'Granada', 'Jamnagar', 'Modasa', 'Najera', 'Palma', 'Surat', 'Veraval', 'unk']","[2, 1, 1, 1, 3, 1, 1, 4, 3, 67]","['hCoV-19/USA/SEARCH-2907-SAN/2020' 'hCoV-19/USA/SEARCH-2913-SAN/2020'
 'hCoV-19/USA/SEARCH-2926-SAN/2020' 'hCoV-19/USA/SEARCH-2948-SAN/2020'
 'hCoV-19/USA/SEARCH-2953-SAN/2020' 'hCoV-19/USA/SEARCH-3511-SAN/2020'
 'hCoV-19/USA/SEARCH-3523-SAN/2020' 'hCoV-19/USA/SEARCH-4355-SAN/2020'
 'hCoV-19/USA/SEARCH-4371-SAN/2020' 'hCoV-19/JOR/SEARCH-5193-JOR/2020']",GTT,agttg,tccag
deletion,ORF8,28254:28254,1,28254,I,121,8,2020-06-01,2020-10-10,"['MEX/Baja California/Tijuana', 'USA/California/San Diego']","[2, 6]",74.0,2020-03-16,2020-12-18,"['Australia', 'China', 'Denmark', 'France', 'India', 'Israel', 'Portugal', 'USA', 'United Kingdom']","[1, 7, 2, 1, 1, 1, 2, 48, 11]","['Auvergne-Rhône-Alpes', 'England', 'Florida', 'Guangdong', 'Hubei', 'Jerusalem District', 'Louisiana', 'Maharashtra', 'Maine', 'Maryland', 'Michigan', 'Nordjylland', 'Oregon', 'Portugal', 'South Carolina', 'Syddanmark', 'Victoria', 'Wales', 'Wisconsin']","[1, 10, 28, 1, 6, 1, 1, 1, 2, 2, 10, 1, 3, 2, 1, 1, 1, 1, 1]","['Clackamas County', 'Dane County', 'East Baton Rouge Parish', 'Guangzhou', 'Lyon', 'Multnomah County', 'Richland County SC', 'Washington County OR', 'Wuhan', 'unk']","[1, 1, 1, 1, 1, 1, 1, 1, 6, 60]","['hCoV-19/MEX/SEARCH-2498-TIJ/2020' 'hCoV-19/MEX/SEARCH-2518-TIJ/2020'
 'hCoV-19/USA/SEARCH-3150-SAN/2020' 'hCoV-19/USA/SEARCH-3231-SAN/2020'
 'hCoV-19/USA/SEARCH-3513-SAN/2020' 'hCoV-19/USA/SEARCH-4556-SAN/2020'
 'hCoV-19/USA/SEARCH-4712-SAN/2020' 'hCoV-19/USA/SEARCH-4737-SAN/2020']",ATC,tttca,ctaaa
deletion,ORF7b,27792:27792,1,27792,F,13,5,2020-06-22,2020-06-30,['USA/California/San Diego'],[5],30.0,2020-04-12,2020-12-09,"['Denmark', 'Japan', 'USA', 'United Kingdom']","[23, 3, 2, 2]","['Denmark', 'England', 'Hovedstaden', 'Japan', 'Midtjylland', 'Nordjylland', 'Scotland', 'Sjaelland', 'Utah', 'Washington']","[2, 1, 15, 3, 3, 2, 1, 1, 1, 1]",['unk'],[30],"['hCoV-19/USA/SEARCH-2199-SAN/2020' 'hCoV-19/USA/SEARCH-2200-SAN/2020'
 'hCoV-19/USA/SEARCH-2208-SAN/2020' 'hCoV-19/USA/SEARCH-2209-SAN/2020'
 'hCoV-19/USA/SEARCH-2222-SAN/2020']",TTT,gtgct,tttag
deletion,ORF1ab,515:520,6,515,V,84,5,2020-03-21,2020-08-06,['USA/California/San Diego'],[5],209.0,2020-03-30,2020-12-18,"['Australia', 'Belgium', 'Canada', 'Denmark', 'Finland', 'Georgia', 'Greece', 'India', 'Ireland', 'Japan', 'Netherlands', 'New Zealand', 'Oman', 'Portugal', 'Spain', 'Sweden', 'Switzerland', 'Turkey', 'USA', 'United Arab Emirates', 'United Kingdom']","[7, 1, 3, 26, 1, 1, 2, 1, 3, 6, 4, 1, 2, 3, 4, 2, 1, 1, 58, 4, 78]","['Abu Dhabi', 'Andalusia', 'Athens', 'Australia', 'Basel-Land', 'Basque Country', 'California', 'Castilla y Leon', 'Connecticut', 'Cork', 'Denmark', 'England', 'Florida', 'Gavleborgs Lan', 'Gelderland', 'Hovedstaden', 'Istanbul', 'Japan', 'Liège', 'Louisiana', 'Maharashtra', 'Maryland', 'Massachusetts', 'Michigan', 'Minnesota', 'Muscat', 'Netherlands', 'New York', 'Offaly', 'Ohio', 'Oregon', 'Pennsylvania', 'Portugal', 'Quebec', 'Scotland', 'Sjaelland', 'South Dakota', 'Southern', 'Sweden', 'Syddanmark', 'Tbilisi', 'Tennessee', 'Texas', 'United Arab Emirates', 'Utah', 'Uusimaa', 'Victoria', 'Virginia', 'Wales', 'Wisconsin']","[3, 2, 2, 1, 1, 1, 8, 1, 1, 2, 2, 71, 5, 1, 2, 14, 1, 6, 1, 2, 1, 4, 1, 2, 2, 2, 2, 1, 1, 2, 1, 2, 3, 3, 3, 3, 1, 1, 1, 7, 1, 3, 14, 1, 7, 1, 6, 1, 4, 1]","['Dane County', 'East Baton Rouge Parish', 'El Paso County', 'Harris County', 'Hidalgo County', 'Malaga', 'Minnehaha County', 'New York City', 'Raigad', 'San Diego', 'San Diego County', 'San Francisco County', 'Travis County', 'Villaobispo de las Regueras', 'Vitoria-Gasteiz', 'unk']","[1, 2, 6, 4, 1, 2, 1, 1, 1, 4, 1, 1, 3, 1, 1, 179]","['Consensus_SEARCH-0007-SAN_L1_threshold_0_quality_20'
 'hCoV-19/USA/SEARCH-0438-SAN/2020' 'hCoV-19/USA/SEARCH-2611-SAN/2020'
 'hCoV-19/USA/SEARCH-3886-SAN/2020' 'hCoV-19/USA/SEARCH-4206-SAN/2020']",GTT,tcatg,ttgag
deletion,N,29472:29477,6,29472,L,400,5,2020-08-21,2020-09-01,['USA/California/San Diego'],[5],5.0,2020-11-13,2020-11-13,['USA'],[5],['California'],[5],['San Diego'],[5],"['hCoV-19/USA/SEARCH-3034-SAN/2020' 'hCoV-19/USA/SEARCH-3129-SAN/2020'
 'hCoV-19/USA/SEARCH-3143-SAN/2020' 'hCoV-19/USA/SEARCH-3146-SAN/2020'
 'hCoV-19/USA/SEARCH-3149-SAN/2020']",TTG,gattt,tttct
deletion,S,21991:21993,3,21991,Y,144,4,2020-03-16,2020-07-22,"['Jordan/Amman', 'USA/California/San Diego']","[1, 3]",2096.0,2020-03-06,2020-12-19,"['Australia', 'Bangladesh', 'Canada', ""Côte d'Ivoire"", 'Democratic Republic of the Congo', 'Denmark', 'Ecuador', 'Egypt', 'Equatorial Guinea', 'France', 'Germany', 'India', 'Italy', 'Japan', 'Jordan', 'Kenya', 'Netherlands', 'New Zealand', 'Portugal', 'Russia', 'Saudi Arabia', 'Senegal', 'Singapore', 'Slovenia', 'South Africa', 'Spain', 'Sweden', 'USA', 'United Arab Emirates', 'United Kingdom']","[3, 1, 5, 1, 1, 20, 1, 1, 1, 2, 2, 4, 1, 3, 1, 2, 5, 1, 2, 2, 3, 5, 1, 16, 4, 11, 1, 47, 3, 1946]","['Abu Dhabi', 'Amman', 'Andalusia', 'Apulia', 'Aragon', 'Auvergne-Rhône-Alpes', 'Bangladesh', 'Basque Country', 'Bioko Norte', 'Bouaké', 'California', 'Cantabria', 'Comunitat Valenciana', 'Dakar', 'Delaware', 'Denmark', 'Eastern Cape', 'Ecuador', 'Egypt', 'England', 'Florida', 'Friesland', 'Gauteng', 'Gelderland', 'Gibraltar', 'Hovedstaden', 'Japan', 'Jonkoping', 'Kenya', 'Kinshasa', 'Lisbon', 'Louisiana', 'Madinah', 'Madrid', 'Maharashtra', 'Makkah', 'Massachusetts', 'Michigan', 'Midtjylland', 'Mombasa', 'Moscow Oblast', 'New South Wales', 'New York', 'Nordjylland', 'North Rhine Westphalia', 'Northern Ireland', 'Ontario', 'Oregon', 'Pennsylvania', 'Portugal', ""Provence-Alpes-Côte d'Azur"", 'Quebec', 'Scotland', 'Singapore', 'Sjaelland', 'Slovenia', 'South Australia', 'South Holland', 'Utah', 'Virginia', 'Wales', 'Washington', 'Wellington', 'Western Cape Province', 'Wisconsin']","[3, 1, 2, 1, 1, 1, 1, 2, 1, 1, 6, 1, 2, 5, 1, 1, 2, 1, 1, 1913, 7, 1, 1, 2, 1, 11, 3, 1, 1, 1, 1, 5, 2, 3, 4, 1, 1, 3, 1, 1, 2, 2, 5, 3, 2, 1, 4, 2, 1, 1, 1, 1, 20, 1, 4, 16, 1, 2, 3, 1, 11, 6, 1, 1, 6]","['Alameda County', 'Allegheny County', 'Amadora', 'Caddo Parish', 'Dane County', 'Essen', 'Gibraltar', 'Granada', 'La Peza', 'Los Angeles County', 'Madrid', 'Malabo', 'Multnomah County', 'Mumbai', 'New Castle County', 'New York City', 'Nice', 'Raigad', 'Red River Parish', 'Saint-Genis-Les-Ollieres', 'San Diego', 'San Diego County', 'San Roque de Riomiera', 'San Sebastian', 'Sydney', 'Toronto', 'Valencia', 'Zaragoza', 'unk']","[2, 1, 1, 4, 6, 2, 1, 1, 1, 1, 1, 1, 1, 1, 1, 1, 1, 2, 1, 1, 2, 1, 1, 2, 2, 1, 2, 1, 2053]","['hCoV-19/JOR/SEARCH-0084-JOR/2020' 'hCoV-19/USA/SEARCH-0776-SAN/2020'
 'hCoV-19/USA/SEARCH-2808-SAN/2020' 'hCoV-19/USA/SEARCH-3011-SAN/2020']",TAT,gtgtt,tacca
deletion,ORF7b,27794:27797,4,27794,L,14,4,2020-09-30,2020-11-06,['Jordan/Amman'],[4],1.0,2020-05-27,2020-05-27,['Spain'],[1],['Navarra'],[1],['Tafalla'],[1],"['hCoV-19/JOR/SEARCH-3934-JOR/2020' 'hCoV-19/JOR/SEARCH-5018-JOR/2020'
 'hCoV-19/JOR/SEARCH-5282-JOR/2020' 'hCoV-19/JOR/SEARCH-5295-JOR/2020']",TTA,gcttt,ccttt
deletion,ORF7a,27750:27757,8,27750,T,120,3,2020-06-03,2020-07-28,"['MEX/Baja California/Tijuana', 'USA/California/San Diego']","[2, 1]",,,,,,,,,,"['hCoV-19/MEX/SEARCH-2501-TIJ/2020' 'hCoV-19/MEX/SEARCH-2567-TIJ/2020'
 'hCoV-19/USA/SEARCH-4603-SAN/2020']",ACA,gaaag,attga
deletion,S,21981:21989,9,21981,F,140,3,2020-05-20,2020-10-28,['USA/California/San Diego'],[3],27.0,2020-04-13,2020-12-10,"['Australia', 'Canada', 'Denmark', 'France', 'Iceland', 'India', 'Japan', 'Portugal', 'USA', 'United Kingdom']","[2, 1, 3, 1, 1, 1, 2, 1, 1, 14]","['California', 'England', 'Gujarat', 'Japan', 'Kanto', 'Nordjylland', 'Nouvelle-Aquitaine', 'Ontario', 'Portugal', 'Reykjavik', 'Scotland', 'Sjaelland', 'Syddanmark', 'Victoria']","[1, 9, 1, 1, 1, 1, 1, 1, 1, 1, 5, 1, 1, 2]","['Limoges', 'San Diego', 'Surat', 'unk']","[1, 1, 1, 24]","['hCoV-19/USA/SEARCH-4531-SAN/2020' 'hCoV-19/USA/SEARCH-4690-SAN/2020'
 'hCoV-19/USA/SEARCH-4691-SAN/2020']",TTT,ccatt,ttatt
deletion,ORF3a,26156:26179,24,26156,V,255,2,2020-07-22,2020-07-23,['USA/California/San Diego'],[2],5.0,2020-10-13,2020-12-03,"['Spain', 'USA', 'United Kingdom']","[1, 3, 1]","['California', 'Catalunya', 'England', 'Michigan']","[2, 1, 1, 1]","[""L'Hospitalet de Llobregat"", 'San Diego', 'unk']","[1, 2, 2]",['hCoV-19/USA/SEARCH-2787-SAN/2020' 'hCoV-19/USA/SEARCH-2795-SAN/2020'],GTT,ggagt,ttatg
deletion,ORF1ab,510:523,14,510,G,82,2,2020-06-02,2020-06-03,['USA/California/San Diego'],[2],1.0,2020-06-02,2020-06-02,['New Zealand'],[1],['Wellington'],[1],['unk'],[1],['hCoV-19/USA/SEARCH-2176-SAN/2020' 'hCoV-19/USA/SEARCH-2182-SAN/2020'],GGT,catgg,agctg
deletion,ORF7a,27572:27615,44,27572,S,60,2,2020-05-26,2020-05-27,['MEX/Baja California/Tijuana'],[2],,,,,,,,,,['hCoV-19/MEX/SEARCH-2486-TIJ/2020' 'hCoV-19/MEX/SEARCH-2488-TIJ/2020'],AGC,tttag,atcag
deletion,S,22286:22288,3,22286,L,242,2,2020-03-25,2020-03-31,['USA/Louisiana/New Orleans'],[2],3.0,2020-04-29,2020-11-02,"['USA', 'United Kingdom']","[2, 1]","['England', 'Louisiana']","[1, 2]","['New Orleans', 'unk']","[2, 1]",['hCoV-19/USA/SEARCH-0068-NBG/2020' 'hCoV-19/USA/SEARCH-0075-NBG/2020'],CTT,tttac,cttta
deletion,ORF7a,27568:27580,13,27568,F,59,2,2020-05-18,2020-05-21,['USA/California/San Diego'],[2],11.0,2020-06-23,2020-10-01,"['USA', 'United Kingdom']","[1, 10]","['Scotland', 'Wisconsin']","[10, 1]","['Milwaukee County', 'unk']","[1, 10]",['hCoV-19/USA/SEARCH-1734-SAN/2020' 'hCoV-19/USA/SEARCH-1792-SAN/2020'],TTT,ttgct,tgctt
deletion,S,21982:21993,12,21982,L,141,2,2020-03-25,2020-08-18,['USA/California/San Diego'],[2],96.0,2020-04-13,2020-12-15,"['Australia', 'Bahrain', 'Denmark', 'Iceland', 'India', 'Japan', 'Kenya', 'Nigeria', 'Portugal', 'Rwanda', 'Singapore', 'Spain', 'USA', 'United Kingdom']","[3, 1, 9, 1, 3, 6, 2, 1, 1, 1, 1, 1, 24, 42]","['Bahrain', 'California', 'England', 'Florida', 'Gujarat', 'Japan', 'Kanto', 'Kenya', 'Kyusyu', 'Madrid', 'Maharashtra', 'Massachusetts', 'Michigan', 'Mombasa', 'New Mexico', 'New York', 'Nordjylland', 'Ondo State', 'Portugal', 'Reykjavik', 'Rwanda', 'Scotland', 'Singapore', 'Sjaelland', 'Texas', 'Utah', 'Victoria', 'Washington', 'Wisconsin']","[1, 4, 37, 1, 2, 4, 1, 1, 1, 1, 1, 2, 3, 1, 1, 5, 5, 1, 1, 1, 1, 5, 1, 4, 3, 1, 3, 2, 2]","['Daskroi', 'El Paso County', 'King County', 'Nueces County', 'Parker County', 'Racine County', 'Raigad', 'San Diego', 'San Diego County', 'San Francisco County', 'unk']","[2, 1, 2, 1, 1, 1, 1, 1, 1, 2, 83]",['hCoV-19/USA/SEARCH-0187-SAN/2020' 'hCoV-19/USA/SEARCH-4199-SAN/2020'],TTG,cattt,tacca
deletion,ORF1ab,1605:1607,3,1605,N,447,2,2020-03-24,2020-07-21,['USA/California/San Diego'],[2],2020.0,2020-02-14,2020-12-18,"['Australia', 'Belgium', 'Canada', 'Chile', 'Curacao', 'Czech Republic', 'Democratic Republic of the Congo', 'Denmark', 'Finland', 'France', 'Gambia', 'Germany', 'Greece', 'Hong Kong', 'Iceland', 'Ireland', 'Italy', 'Japan', 'Latvia', 'Lithuania', 'Netherlands', 'New Zealand', 'Norway', 'Pakistan', 'Portugal', 'Russia', 'Senegal', 'Slovakia', 'South Africa', 'Spain', 'Sweden', 'Switzerland', 'Taiwan', 'USA', 'United Kingdom']","[27, 15, 5, 2, 2, 1, 1, 26, 2, 10, 1, 1, 2, 3, 10, 2, 1, 5, 1, 1, 243, 5, 1, 1, 14, 1, 7, 1, 1, 30, 10, 5, 3, 26, 1554]","['Agder', 'Andalusia', 'Aragon', 'Athens', 'Auckland', 'Australia', 'Australian Capital Territory', 'Auvergne-Rhône-Alpes', 'Basel-Land', 'Basel-Stadt', 'Basque Country', 'Bavaria', 'California', 'Canary Islands', 'Cantabria', 'Canterbury', 'Comunitat Valenciana', 'Curacao', 'Dakar', 'Denmark', 'Drenthe', 'Dublin', 'England', 'Finland', 'Flevoland', 'Florida', 'Friesland', 'Gelderland', 'Gent', 'Halland', 'Helsinki', 'Hong Kong', 'Hovedstaden', 'Ile de France', 'Japan', 'Kanto', 'Karachi', 'Kinshasa', 'Kombo', 'Latvia', 'Limburg', 'Lithuania', 'Lombardy', 'Longford', 'Madrid', 'Martin', 'Minnesota', 'Missouri', 'Mpumalanga', 'Netherlands', 'Nevada', 'New Brunswick', 'New South Wales', 'New York', 'Nordjylland', 'North Brabant', 'North Holland', 'Northern Ireland', 'Nouvelle-Aquitaine', ""O'Higgins"", 'Ontario', 'Otago', 'Overijssel', 'Pardubice Region', 'Portugal', ""Provence-Alpes-Côte d'Azur"", 'Quebec', 'Queensland', 'Region Metropolitana de Santiago', 'Reykjavik', 'Saint-Petersburg', 'Scotland', 'Sjaelland', 'South Australia', 'South Holland', 'Southern', 'Stockholm', 'Syddanmark', 'Taiwan', 'Texas', 'Utah', 'Utrecht', 'Vasterbotten', 'Vastra Gotaland', 'Victoria', 'Wales', 'Wellington', 'Western Australia', 'Wisconsin', 'Zeeland']","[1, 9, 2, 2, 1, 1, 1, 4, 4, 1, 6, 1, 3, 2, 1, 1, 8, 2, 7, 10, 2, 1, 1002, 1, 2, 1, 2, 15, 15, 1, 1, 3, 2, 1, 3, 2, 1, 1, 1, 1, 2, 1, 1, 1, 2, 1, 3, 2, 1, 91, 6, 1, 4, 5, 6, 85, 3, 92, 2, 1, 1, 1, 2, 1, 14, 3, 3, 2, 1, 10, 1, 393, 7, 1, 18, 1, 1, 1, 3, 3, 1, 15, 2, 6, 16, 67, 1, 2, 2, 6]","['Alcaniz', 'Algemesi', 'Alhaurin de la Torre', 'Alzira', 'Andel', 'Antequera', 'Baracaldo', 'Bourg-en-Bresse', 'Brisbane', 'Carcaixent', 'Chambery', 'Coevorden', 'Contamines', 'Dalen', 'Dane County', 'Derbyshire', 'Guediawaye', 'Hardinxveld Giessendam', 'Harris County', 'Las Palmas de Gran Canaria', 'London', 'Loon op zand', 'Lyon', 'Madrid', 'Malaga', 'Marseille', 'Mbao', 'Munich', 'Naarden', 'Nassau County', 'New York City', 'Nieuwendijk', 'Oisterwijk', 'Onondaga County', 'Oss', 'Pardubice', 'Poitiers', 'Rancagua', 'Rotterdam', 'San Diego', 'San Diego County', 'San Roque de Riomiera', 'San Sebastian', 'Santiago', 'South Yorkshire', 'Sydney', 'Taipei', 'Tilburg', 'Utrecht', 'Valencia', 'Warwickshire', 'Zaragoza', 'unk']","[1, 1, 1, 1, 1, 1, 4, 1, 1, 1, 1, 1, 1, 1, 2, 1, 1, 1, 3, 2, 1, 1, 1, 1, 4, 3, 1, 1, 1, 2, 1, 1, 1, 1, 1, 1, 2, 1, 2, 1, 1, 1, 2, 1, 12, 4, 3, 2, 1, 5, 1, 1, 1931]","['Consensus_SEARCH-0016-SAN_L1_threshold_0_quality_20'
 'hCoV-19/USA/SEARCH-4351-SAN/2020']",AAT,cttaa,caacc
deletion,ORF1ab,510:518,9,510,G,82,2,2020-04-04,2020-04-04,['USA/Louisiana/New Orleans'],[2],158.0,2020-04-06,2020-12-18,"['Australia', 'Belgium', 'Burkina Faso', 'Canada', 'Democratic Republic of the Congo', 'Denmark', 'France', 'Gambia', 'India', 'Ireland', 'Japan', 'Kenya', 'Netherlands', 'Peru', 'Poland', 'Saudi Arabia', 'Serbia', 'Singapore', 'South Korea', 'Spain', 'Switzerland', 'USA', 'United Kingdom']","[6, 2, 2, 3, 1, 8, 3, 8, 1, 1, 6, 3, 3, 2, 1, 1, 2, 1, 1, 4, 1, 28, 70]","['Aragon', 'Arequipa', 'Arizona', 'Auvergne-Rhône-Alpes', 'Balear Islands', 'Basel-Stadt', 'Basque Country', 'California', 'Comunitat Valenciana', 'Connecticut', 'Delaware', 'England', 'Gent', 'Hauts-Bassins', 'Japan', 'Kenya', 'Kinshasa', 'Kombo', 'Limburg', 'Liège', 'Louisiana', 'Maharashtra', 'Makkah', 'Manitoba', 'Maryland', 'Massachusetts', 'Meath', 'Michigan', 'Midtjylland', 'Mombasa', 'Nordjylland', 'North Holland', 'Northern Ireland', 'Occitanie', 'Ontario', 'Pennsylvania', 'Peru', 'Poland', ""Provence-Alpes-Côte d'Azur"", 'Quebec', 'Scotland', 'Singapore', 'South Banat District', 'South Holland', 'South Korea', 'Syddanmark', 'Taita Taveta', 'Texas', 'Utah', 'Victoria', 'Virginia', 'Wales', 'Washington', 'Wisconsin', 'Wyoming']","[1, 1, 1, 1, 1, 1, 1, 2, 1, 1, 1, 56, 1, 2, 6, 1, 1, 8, 1, 1, 7, 1, 1, 1, 1, 1, 1, 1, 3, 1, 4, 1, 1, 1, 1, 1, 1, 1, 1, 1, 8, 1, 2, 1, 1, 1, 1, 2, 3, 6, 2, 5, 1, 1, 3]","['Allegheny County', 'Caddo Parish', 'Dane County', 'East Baton Rouge Parish', 'Houndé', 'Kaufman County', 'Lyon', 'Madera County', 'Marseille', 'New Castle County', 'New Orleans', 'Orange County CA', 'Palma de Mallorca', 'Pancevo', 'San Sebastian', 'Toronto', 'Toulouse', 'Valencia', 'Vrsac', 'Zaragoza', 'unk']","[1, 1, 1, 3, 2, 2, 1, 1, 1, 1, 2, 1, 1, 1, 1, 1, 1, 1, 1, 1, 133]",['hCoV-19/USA/SEARCH-0174-NBG/2020' 'hCoV-19/USA/SEARCH-0320-NBG/2020'],GGT,catgg,ggttg
deletion,ORF8,28091:28091,1,28091,S,67,2,2020-09-30,2020-10-03,['Jordan/Amman'],[2],,,,,,,,,,['hCoV-19/JOR/SEARCH-3953-JOR/2020' 'hCoV-19/JOR/SEARCH-4019-JOR/2020'],TCT,ctggt,ctaaa
deletion,ORF8,28240:28243,4,28240,V,116,2,2020-10-02,2020-10-03,['Jordan/Amman'],[2],,,,,,,,,,['hCoV-19/JOR/SEARCH-4018-JOR/2020' 'hCoV-19/JOR/SEARCH-4019-JOR/2020'],GTT,cgtgt,ttaga
deletion,ORF3a,25423:25431,9,25423,G,11,2,2020-03-31,2020-10-16,"['Jordan/Amman', 'USA/Louisiana/New Orleans']","[1, 1]",17.0,2020-05-12,2020-12-18,"['Canada', 'Malaysia', 'USA', 'United Kingdom']","[1, 1, 4, 11]","['California', 'England', 'Louisiana', 'Minnesota', 'Ontario', 'Selangor', 'Wales']","[2, 4, 1, 1, 1, 1, 7]","['Alameda County', 'unk']","[2, 15]",['hCoV-19/USA/SEARCH-0142-NBG/2020' 'hCoV-19/JOR/SEARCH-5154-JOR/2020'],GGA,aattg,ctttg
deletion,ORF1ab,444:444,1,444,V,60,2,2020-06-02,2020-06-03,['USA/California/San Diego'],[2],,,,,,,,,,['hCoV-19/USA/SEARCH-2176-SAN/2020' 'hCoV-19/USA/SEARCH-2182-SAN/2020'],GTT,ggcgt,ttgcc
deletion,ORF8,28065:28067,3,28065,I,58,2,2020-05-29,2020-06-02,['USA/California/San Diego'],[2],12.0,2020-08-28,2020-12-14,"['Chile', 'USA', 'United Kingdom']","[4, 4, 4]","['California', 'England', 'Florida', 'Magallanes', 'Virginia']","[2, 4, 1, 4, 1]","['Punta Arenas', 'San Diego', 'unk']","[4, 2, 6]",['hCoV-19/USA/SEARCH-2093-SAN/2020' 'hCoV-19/USA/SEARCH-2162-SAN/2020'],ATT,tttaa,aattg
deletion,ORF1ab,6034:6034,1,6034,S,1924,1,2020-05-01,2020-05-01,['USA/California/San Diego'],[1],,,,,,,,,,['hCoV-19/USA/SEARCH-1318-SAN/2020'],AGC,acgca,gcttc
deletion,ORF1ab,19518:19520,3,19518,C,6418,1,2020-03-28,2020-03-28,['USA/California/San Diego'],[1],3.0,2020-07-07,2020-12-12,"['Saudi Arabia', 'USA']","[1, 2]","['Arizona', 'California', 'Makkah']","[1, 1, 1]","['San Diego County', 'unk']","[1, 2]",['hCoV-19/USA/SEARCH-0698-SAN/2020'],TGT,gattg,ctcga
deletion,ORF1ab,14584:14627,44,14584,L,4774,1,2020-03-28,2020-03-28,['USA/California/San Diego'],[1],1.0,2020-05-11,2020-05-11,['USA'],[1],['California'],[1],['San Diego'],[1],['hCoV-19/USA/SEARCH-0244-SAN/2020'],CTG,gcacg,tcagt
deletion,ORF1ab,314:317,4,314,S,17,1,2020-04-15,2020-04-15,['USA/California/San Diego'],[1],,,,,,,,,,['hCoV-19/USA/SEARCH-0216-SAN/2020'],AGT,actca,gcctg
deletion,ORF1ab,6013:6013,1,6013,N,1917,1,2020-10-03,2020-10-03,['Jordan/Amman'],[1],,,,,,,,,,['hCoV-19/JOR/SEARCH-4030-JOR/2020'],AAC,tacca,accaa
deletion,ORF6,27266:27293,28,27266,F,22,1,2020-04-23,2020-04-23,['USA/California/San Diego'],[1],,,,,,,,,,['hCoV-19/USA/SEARCH-1921-SAN/2020'],TTT,acttt,atcat
deletion,ORF1ab,6045:6047,3,6045,N,1927,1,2020-10-06,2020-10-06,['Jordan/Aqaba'],[1],6.0,2020-04-23,2020-11-04,"['Denmark', 'Spain', 'USA', 'United Kingdom']","[1, 2, 2, 1]","['Comunitat Valenciana', 'Denmark', 'England', 'Florida', 'Utah']","[2, 1, 1, 1, 1]","['Castellon de la Plana', 'Valencia', 'unk']","[1, 1, 4]",['hCoV-19/JOR/SEARCH-5272-JOR/2020'],AAT,gataa,taagt
deletion,ORF6,27264:27290,27,27264,F,22,1,2020-07-28,2020-07-28,['USA/California/San Diego'],[1],44.0,2020-05-12,2020-12-06,"['Bangladesh', 'Belgium', 'Saudi Arabia', 'USA', 'United Kingdom']","[1, 1, 1, 28, 13]","['California', 'England', 'Khulna', 'Liège', 'Madinah', 'Michigan', 'USA', 'Utah', 'Virginia', 'Wales', 'Washington']","[2, 12, 1, 1, 1, 1, 1, 22, 1, 1, 1]","['Los Angeles County', 'San Diego', 'unk']","[1, 1, 42]",['hCoV-19/USA/SEARCH-3236-SAN/2020'],TTT,ggact,tacat
deletion,ORF1ab,17345:17349,5,17345,_,5694,1,2020-06-22,2020-06-22,['MEX/Baja California/Tijuana'],[1],,,,,,,,,,['hCoV-19/MEX/SEARCH-2532-TIJ/2020'],TAG,gatat,tcttt
deletion,ORF6,27267:27268,2,27267,K,23,1,2020-04-22,2020-04-22,['USA/California/San Diego'],[1],1.0,2020-08-31,2020-08-31,['USA'],[1],['New York'],[1],['unk'],[1],['hCoV-19/USA/SEARCH-0840-SAN/2020'],AAA,ctttt,agttt
deletion,ORF1ab,933:938,6,933,D,223,1,2020-10-10,2020-10-10,['Jordan/Amman'],[1],,,,,,,,,,['hCoV-19/JOR/SEARCH-4989-JOR/2020'],GAC,attga,gaggg
deletion,ORF7a,27538:27572,35,27538,L,49,1,2020-04-28,2020-04-28,['MEX/Baja California/Tijuana'],[1],,,,,,,,,,['hCoV-19/MEX/SEARCH-1480-TIJ/2020'],CTA,tcctc,actca
deletion,ORF1ab,17917:17917,1,17917,L,5885,1,2020-03-31,2020-03-31,['USA/Louisiana/New Orleans'],[1],,,,,,,,,,['hCoV-19/USA/SEARCH-0142-NBG/2020'],TTA,cagat,taatg
deletion,E,26306:26306,1,26306,L,21,1,2020-07-08,2020-07-08,['USA/California/San Diego'],[1],,,,,,,,,,['hCoV-19/USA/SEARCH-4104-SAN/2020'],CTT,tttct,gcttt
deletion,ORF1ab,17201:17219,19,17201,_,5646,1,2020-06-22,2020-06-22,['MEX/Baja California/Tijuana'],[1],,,,,,,,,,['hCoV-19/MEX/SEARCH-2532-TIJ/2020'],TAA,gcatt,aaatg
deletion,ORF1ab,7025:7047,23,7025,M,2254,1,2020-03-27,2020-03-27,['USA/California/San Diego'],[1],,,,,,,,,,['hCoV-19/USA/ALSR-1454/2020'],ATG,tttaa,tactg
deletion,ORF7a,27498:27531,34,27498,S,36,1,2020-05-12,2020-05-12,['USA/California/Imperial'],[1],,,,,,,,,,['hCoV-19/USA/SEARCH-0573-IPL/2020'],TCT,cttgc,atcct
deletion,ORF3a,26160:26167,8,26160,N,257,1,2020-10-19,2020-10-19,['USA/California/San Diego'],[1],13.0,2020-07-21,2020-12-18,"['Denmark', 'Japan', 'United Kingdom']","[5, 1, 7]","['England', 'Hovedstaden', 'Japan', 'Sjaelland']","[7, 4, 1, 1]",['unk'],[13],['hCoV-19/USA/SEARCH-4264-SAN/2020'],AAT,ttgtt,aatgg
deletion,ORF1ab,3331:3348,18,3331,I,1023,1,2020-05-14,2020-05-14,['USA/Louisiana/New Orleans'],[1],2.0,2020-07-07,2020-11-10,['USA'],[2],"['Louisiana', 'Wisconsin']","[1, 1]","['New Orleans', 'Rock County']","[1, 1]",['hCoV-19/USA/SEARCH-0854-NBG/2020'],ATT,agact,agtgg
deletion,ORF8,28084:28110,27,28084,E,64,1,2020-10-09,2020-10-09,['USA/California/San Diego'],[1],1.0,2020-11-22,2020-11-22,['USA'],[1],['California'],[1],['San Diego'],[1],['hCoV-19/USA/SEARCH-4298-SAN/2020'],GAG,gatga,catcg
deletion,ORF1ab,3090:3110,21,3090,E,942,1,2020-06-05,2020-06-05,['USA/California/San Diego'],[1],1.0,2020-11-13,2020-11-13,['USA'],[1],['California'],[1],['San Diego'],[1],['hCoV-19/USA/SEARCH-3730-SAN/2020'],GAG,tttga,tggta
deletion,N,28879:28896,18,28879,R,203,1,2020-06-24,2020-06-24,['USA/California/San Diego'],[1],15.0,2020-04-17,2020-12-14,"['Australia', 'Democratic Republic of the Congo', 'Malaysia', 'Portugal', 'South Africa', 'USA', 'United Kingdom']","[1, 5, 1, 1, 4, 1, 2]","['California', 'Eastern Cape', 'England', 'Kinshasa', 'Malaysia', 'Portugal', 'Victoria', 'Western Cape Province']","[1, 1, 2, 5, 1, 1, 1, 3]","['Beaufort West', 'George', 'Knysna', 'San Diego', 'unk']","[1, 1, 1, 1, 11]",['hCoV-19/USA/SEARCH-4145-SAN/2020'],AGG,gcagt,agaat
deletion,N,28893:28904,12,28893,P,207,1,2020-10-18,2020-10-18,['Jordan/Zarqa'],[1],1.0,2020-05-12,2020-05-12,['United Kingdom'],[1],['England'],[1],['unk'],[1],['hCoV-19/JOR/SEARCH-5222-JOR/2020'],CCT,tctcc,tggca
deletion,N,29426:29441,16,29426,R,385,1,2020-06-06,2020-06-06,['MEX/Baja California/Tijuana'],[1],,,,,,,,,,['hCoV-19/MEX/SEARCH-2505-TIJ/2020'],AGA,gcaga,aactg
deletion,ORF10,29574:29588,15,29574,V,6,1,2020-06-30,2020-06-30,['USA/California/San Diego'],[1],1.0,2020-11-13,2020-11-13,['USA'],[1],['California'],[1],['San Diego'],[1],['hCoV-19/USA/SEARCH-2405-SAN/2020'],GTT,aacgt,tacga
deletion,ORF1ab,3716:3716,1,3716,A,1151,1,2020-03-16,2020-03-16,['USA/California/San Diego'],[1],,,,,,,,,,['hCoV-19/USA/SEARCH-0116-SAN/2020'],GCT,atcag,tggta
deletion,ORF7a,27568:27579,12,27568,F,59,1,2020-03-26,2020-03-26,['Jordan/Amman'],[1],7.0,2020-04-24,2020-11-12,"['Denmark', 'Jordan', 'USA', 'United Kingdom']","[2, 1, 1, 3]","['Amman', 'England', 'Louisiana', 'Syddanmark']","[1, 3, 1, 2]","['East Baton Rouge Parish', 'unk']","[1, 6]",['Consensus_SEARCH-0047-JOR_L1_L2_L3_L4_threshold_0_quality_20'],TTT,ttgct,ttgct
deletion,ORF7a,27568:27568,1,27568,F,59,1,2020-05-26,2020-05-26,['MEX/Baja California/Tijuana'],[1],2.0,2020-10-01,2020-10-01,['United Kingdom'],[2],['England'],[2],['unk'],[2],['hCoV-19/MEX/SEARCH-2482-TIJ/2020'],TTT,ttgct,tagca
deletion,ORF1ab,12350:12350,1,12350,M,4029,1,2020-05-29,2020-05-29,['USA/California/San Diego'],[1],,,,,,,,,,['hCoV-19/USA/SEARCH-3758-SAN/2020'],ATG,tgcta,gcaga
deletion,ORF7a,27579:27581,3,27579,F,63,1,2020-07-01,2020-07-01,['MEX/Baja California/Tijuana'],[1],41.0,2020-05-12,2020-12-13,"['Australia', 'Denmark', 'Israel', 'Mexico', 'Netherlands', 'South Africa', 'USA', 'United Arab Emirates', 'United Kingdom']","[1, 7, 1, 1, 1, 1, 7, 2, 20]","['Abu Dhabi', 'Baja California', 'Central District', 'Denmark', 'England', 'Hovedstaden', 'Louisiana', 'Netherlands', 'Utah', 'Victoria', 'Wales', 'Western Cape Province']","[2, 1, 1, 1, 17, 6, 4, 1, 3, 1, 3, 1]","['East Baton Rouge Parish', 'Kfar Saba', 'Tijuana', 'unk']","[4, 1, 1, 35]",['hCoV-19/MEX/SEARCH-2549-TIJ/2020'],TTT,ctcaa,gcttt
deletion,ORF3a,25493:25498,6,25493,T,34,1,2020-04-02,2020-04-02,['USA/Louisiana/New Orleans'],[1],3.0,2020-05-05,2020-10-30,['USA'],[3],"['Louisiana', 'Minnesota', 'Virginia']","[1, 1, 1]","['New Orleans', 'unk']","[1, 2]",['hCoV-19/USA/SEARCH-0155-NBG/2020'],ACG,gcaac,gatac
deletion,M,27053:27055,3,27053,Y,178,1,2020-04-02,2020-04-02,['USA/Louisiana/New Orleans'],[1],1.0,2020-05-05,2020-05-05,['USA'],[1],['Louisiana'],[1],['New Orleans'],[1],['hCoV-19/USA/SEARCH-0152-NBG/2020'],TAT,tttct,tacaa
deletion,ORF1ab,13611:13612,2,13611,K,4449,1,2020-05-14,2020-05-14,['USA/Louisiana/New Orleans'],[1],1.0,2020-07-20,2020-07-20,['USA'],[1],['Utah'],[1],['unk'],[1],['hCoV-19/USA/SEARCH-0851-NBG/2020'],AAG,tccaa,aaagg
deletion,ORF1ab,423:425,3,423,L,53,1,2020-06-11,2020-06-11,['USA/California/San Diego'],[1],32.0,2020-06-15,2020-12-10,"['Ireland', 'Italy', 'Japan', 'Norway', 'Switzerland', 'USA', 'United Kingdom']","[1, 1, 17, 1, 2, 5, 5]","['Apulia', 'Basel-Land', 'Basel-Stadt', 'California', 'England', 'Japan', 'Minnesota', 'New Mexico', 'Norway', 'Utah', 'Wicklow']","[1, 1, 1, 2, 5, 17, 1, 1, 1, 1, 1]","['Brindisi', 'San Diego', 'unk']","[1, 1, 30]",['hCoV-19/USA/SEARCH-3873-SAN/2020'],TTA,ggctt,agaag
deletion,S,22159:22161,3,22159,Y,200,1,2020-07-08,2020-07-08,['USA/California/San Diego'],[1],5.0,2020-09-02,2020-11-13,"['Australia', 'USA', 'United Kingdom']","[1, 2, 2]","['California', 'England', 'Victoria', 'Virginia']","[1, 2, 1, 1]","['San Diego', 'unk']","[1, 4]",['hCoV-19/USA/SEARCH-2287-SAN/2020'],TAT,atggt,tttaa
deletion,S,23555:23582,28,23555,P,665,1,2020-03-25,2020-03-25,['USA/California/San Diego'],[1],2.0,2020-04-23,2020-05-19,"['Denmark', 'USA']","[1, 1]","['Denmark', 'New York']","[1, 1]","['Brooklyn', 'unk']","[1, 1]",['hCoV-19/USA/ALSR-1679/2020'],CCC,catac,tcaga
deletion,S,24465:24465,1,24465,S,968,1,2020-03-25,2020-03-25,['USA/California/San Diego'],[1],,,,,,,,,,['hCoV-19/USA/SEARCH-0183-SAN/2020'],TCC,agctc,aattt
deletion,ORF1ab,16639:16639,1,16639,Q,5459,1,2020-05-20,2020-05-20,['USA/California/San Diego'],[1],,,,,,,,,,['hCoV-19/USA/SEARCH-1879-SAN/2020'],CAG,tgcag,agaaa
deletion,ORF1ab,519:524,6,519,M,85,1,2020-07-15,2020-07-15,['USA/California/San Diego'],[1],30.0,2020-03-30,2020-12-18,"['Denmark', 'France', 'Gambia', 'India', 'Palestine', 'USA', 'United Kingdom']","[4, 4, 1, 1, 1, 5, 14]","['Auvergne-Rhône-Alpes', 'California', 'England', 'Florida', 'Hovedstaden', 'Jerusalem', 'Karnataka', 'Kombo', 'Michigan', 'Scotland', 'Syddanmark', 'Washington']","[4, 1, 13, 2, 1, 1, 1, 1, 1, 1, 3, 1]","['Bengaluru Urban', 'Bourgoin-Jallieu', 'Lyon', 'San Diego', 'unk']","[1, 2, 2, 1, 24]",['hCoV-19/USA/SEARCH-3519-SAN/2020'],ATG,gttat,gctgg
deletion,ORF3a,26155:26157,3,26155,V,255,1,2020-10-16,2020-10-16,['Jordan/Amman'],[1],245.0,2020-04-17,2020-12-17,"['Australia', 'Bangladesh', 'Democratic Republic of the Congo', 'Denmark', 'France', 'Germany', 'India', 'Ireland', 'Japan', 'New Zealand', 'Norway', 'Peru', 'Portugal', 'South Africa', 'Switzerland', 'USA', 'United Arab Emirates', 'United Kingdom']","[2, 3, 1, 2, 1, 3, 3, 2, 2, 1, 1, 2, 1, 125, 1, 42, 1, 52]","['Barishal', 'Basel-Stadt', 'Dublin', 'Eastern Cape', 'England', 'Free State', 'Gauteng', 'Hokurikushinsyu', 'Hovedstaden', 'Japan', 'Kinshasa', 'KwaZulu-Natal', 'Lima', 'Limpopo', 'Maharashtra', 'Massachusetts', 'Mpumalanga', 'New Mexico', 'New York', 'North Rhine Westphalia', 'North-West', 'Northern Ireland', 'Oregon', 'Peru', 'Portugal', ""Provence-Alpes-Côte d'Azur"", 'Scotland', 'Sjaelland', 'Texas', 'United Arab Emirates', 'Vestfold Og Telemark', 'Victoria', 'Wales', 'Washington', 'Wellington', 'West Bengal', 'Western Cape Province', 'Wisconsin']","[3, 1, 2, 1, 31, 2, 39, 1, 1, 1, 1, 3, 1, 2, 1, 23, 13, 2, 1, 3, 61, 3, 5, 1, 1, 1, 1, 1, 1, 1, 1, 2, 17, 8, 1, 2, 4, 2]","['Dane County', 'Duesseldorf', 'El Paso County', 'Heinsberg', 'Kolkata', 'Marseille', 'Mitchells Plain', 'Mossel Bay', 'New York City', 'Oudtshoorn', 'Raigad', 'Wasco County', 'Washington County OR', 'Zululand', 'unk']","[2, 1, 1, 2, 2, 1, 1, 1, 1, 1, 1, 2, 1, 3, 225]",['hCoV-19/JOR/SEARCH-5148-JOR/2020'],GTT,cggag,ttaat
deletion,ORF3a,25781:25786,6,25781,C,130,1,2020-07-08,2020-07-08,['USA/California/San Diego'],[1],1.0,2020-08-11,2020-08-11,['USA'],[1],['California'],[1],['San Diego County'],[1],['hCoV-19/USA/SEARCH-1927-SAN/2020'],TGC,ctttg,atgcc
deletion,ORF1ab,518:520,3,518,M,85,1,2020-04-02,2020-04-02,['USA/California/San Diego'],[1],150.0,2020-03-17,2020-12-16,"['Australia', 'Bangladesh', 'Belgium', 'Democratic Republic of the Congo', 'Denmark', 'Estonia', 'France', 'Iran', 'Japan', 'Netherlands', 'Portugal', 'Slovenia', 'South Africa', 'Spain', 'USA', 'United Kingdom']","[2, 1, 1, 1, 6, 1, 1, 3, 3, 3, 1, 1, 3, 6, 39, 78]","['Aichi', 'Andalusia', 'Arizona', 'Bangladesh', 'Belgium', 'California', 'Canary Islands', 'Castilla la Mancha', 'Comunitat Valenciana', 'Denmark', 'England', 'Estonia', 'Florida', 'Galicia', 'Gauteng', 'Georgia', 'Hovedstaden', 'Ile de France', 'Iran', 'Japan', 'Kinshasa', 'Michigan', 'Midtjylland', 'Minnesota', 'Nebraska', 'Netherlands', 'New South Wales', 'New York', 'North Brabant', 'Portugal', 'Scotland', 'Sjaelland', 'Slovenia', 'South Holland', 'Syddanmark', 'Texas', 'Victoria', 'Virginia', 'Wales', 'Washington']","[1, 2, 3, 1, 1, 9, 1, 1, 1, 1, 59, 1, 3, 1, 3, 1, 1, 1, 3, 2, 1, 1, 2, 4, 1, 1, 1, 9, 1, 1, 8, 1, 1, 1, 1, 1, 1, 3, 11, 4]","['Albacete', 'Harris County', 'King County', 'Las Palmas de Gran Canaria', 'Los Angeles County', 'Moussy Le Neuf', 'Nagoya', 'Nassau County', 'New York City', 'Oneida County', 'Orange County CA', 'Orleans County', 'San Diego County', 'Santa Clara County', 'Santiago de Compostela', 'Sevilla', 'Sydney', 'Valencia', 'unk']","[1, 1, 3, 1, 2, 1, 1, 1, 1, 1, 5, 1, 1, 1, 1, 2, 1, 1, 124]",['hCoV-19/USA/SEARCH-0979-SAN/2020'],ATG,tgtta,ttgag
deletion,ORF3a,25532:25555,24,25532,I,47,1,2020-08-26,2020-08-26,['USA/California/San Diego'],[1],1.0,2020-11-13,2020-11-13,['USA'],[1],['California'],[1],['San Diego'],[1],['hCoV-19/USA/SEARCH-3036-SAN/2020'],ATT,cttat,ttttc
deletion,ORF1ab,508:522,15,508,G,82,1,2020-04-03,2020-04-03,['USA/California/San Diego'],[1],215.0,2020-02-11,2020-12-18,"['Australia', 'Belgium', 'Brazil', 'Chile', 'Colombia', 'Czech Republic', 'Democratic Republic of the Congo', 'Denmark', 'France', 'Gambia', 'India', 'Ireland', 'Italy', 'Japan', 'Netherlands', 'Portugal', 'Spain', 'Switzerland', 'Turkey', 'USA', 'United Kingdom', 'Vietnam']","[5, 3, 1, 6, 1, 1, 1, 20, 1, 1, 4, 3, 3, 9, 5, 2, 3, 1, 1, 57, 85, 2]","['Apulia', 'Arizona', 'Asturias', 'Basel-Land', 'Basque Country', 'California', 'Central Bohemian Region', 'Colorado', 'Denizli', 'Diamond Princess', 'Dublin', 'England', 'Florida', 'Gelderland', 'Hovedstaden', 'Japan', 'Karnataka', 'Kinshasa', 'Kombo', 'La Rioja', 'Liège', 'Lombardy', 'Louisiana', 'Magallanes', 'Maharashtra', 'Massachusetts', 'Michigan', 'Minnesota', 'Netherlands', 'New Mexico', 'New York', 'Nordjylland', 'North Brabant', 'Oregon', 'Portugal', ""Provence-Alpes-Côte d'Azur"", 'Red River Delta', 'Santa Catarina', 'Scotland', 'Sjaelland', 'South Dakota', 'South Holland', 'Syddanmark', 'Texas', 'USA', 'Utah', 'Valle del Cauca', 'Victoria', 'Virginia', 'Wales', 'Washington', 'Wisconsin']","[1, 2, 1, 1, 1, 7, 1, 2, 1, 1, 3, 57, 9, 1, 11, 9, 1, 1, 1, 1, 3, 2, 1, 6, 3, 2, 8, 1, 2, 1, 6, 4, 1, 3, 2, 1, 2, 1, 13, 2, 1, 1, 3, 2, 1, 5, 1, 5, 2, 15, 1, 2]","['Alameda County', 'Balneario Camburiu', 'Bengaluru Urban', 'Bexar County', 'Clark County WA', 'Dane County', 'East Baton Rouge Parish', 'Hanoi', 'Haro', 'Harris County', 'Králův Dvůr', 'Lecce', 'Los Angeles County', 'Marseille', 'Milan', 'New York City', 'Oviedo', 'Palmira', 'Punta Arenas', 'Raigad', 'San Diego County', 'San Joaquin County', 'Thane', 'Vitoria-Gasteiz', 'unk']","[1, 1, 1, 1, 1, 2, 1, 2, 1, 1, 1, 1, 1, 1, 1, 4, 1, 1, 6, 1, 1, 1, 2, 1, 180]",['hCoV-19/USA/SEARCH-0491-SAN/2020'],GGT,ctcat,gagct
deletion,ORF1ab,20136:20137,2,20136,_,6624,1,2020-04-08,2020-04-08,['USA/Louisiana/New Orleans'],[1],1.0,2020-05-15,2020-05-15,['USA'],[1],['Louisiana'],[1],['New Orleans'],[1],['hCoV-19/USA/SEARCH-0303-NBG/2020'],TAA,ccgta,aacac
deletion,S,21579:21579,1,21579,V,6,1,2020-07-06,2020-07-06,['USA/California/San Diego'],[1],,,,,,,,,,['hCoV-19/USA/SEARCH-2385-SAN/2020'],GTT,cttgt,ttatt
deletion,ORF1ab,20249:20250,2,20249,K,6662,1,2020-04-25,2020-04-25,['USA/California/San Diego'],[1],1.0,2020-04-03,2020-04-03,['Australia'],[1],['Victoria'],[1],['unk'],[1],['hCoV-19/USA/SEARCH-0231-SAN/2020'],AAA,atgga,ttgat
deletion,ORF7a,27580:27580,1,27580,F,63,1,2020-04-08,2020-04-08,['USA/Louisiana/New Orleans'],[1],,,,,,,,,,['hCoV-19/USA/SEARCH-0165-NBG/2020'],TTT,tcaat,tgctt
deletion,ORF1ab,868:891,24,868,K,202,1,2020-06-30,2020-06-30,['USA/California/San Diego'],[1],3.0,2020-09-28,2020-11-13,"['USA', 'United Kingdom']","[1, 2]","['California', 'England']","[1, 2]","['San Diego', 'unk']","[1, 2]",['hCoV-19/USA/SEARCH-3882-SAN/2020'],AAA,gcatt,aaagc
deletion,ORF1ab,6656:6679,24,6656,N,2131,1,2020-06-13,2020-06-13,['USA/California/San Diego'],[1],2.0,2020-08-08,2020-11-13,"['Portugal', 'USA']","[1, 1]","['California', 'Portugal']","[1, 1]","['San Diego', 'unk']","[1, 1]",['hCoV-19/USA/SEARCH-3559-SAN/2020'],AAT,tgtta,ctaat
deletion,ORF7b,27795:27797,3,27795,L,14,1,2020-05-09,2020-05-09,['USA/California/San Diego'],[1],18.0,2020-04-10,2020-12-07,"['Australia', 'Japan', 'New Zealand', 'USA', 'United Kingdom']","[2, 1, 1, 6, 8]","['Auckland', 'California', 'England', 'Kanto', 'Northern Ireland', 'Victoria', 'Wales', 'Washington', 'Wisconsin']","[1, 1, 4, 1, 2, 2, 2, 4, 1]","['Adams County WI', 'Counties Manukau', 'San Diego', 'unk']","[1, 1, 1, 15]",['hCoV-19/USA/SEARCH-2022-SAN/2020'],TTA,ctttt,ccttt
deletion,ORF7a,27697:27750,54,27697,L,102,1,2020-10-03,2020-10-03,['Jordan/Amman'],[1],4.0,2020-06-02,2020-12-04,"['Jordan', 'Switzerland', 'United Kingdom']","[1, 1, 2]","['Amman', 'Bern', 'England', 'Scotland']","[1, 1, 1, 1]",['unk'],[4],['hCoV-19/JOR/SEARCH-4026-JOR/2020'],CTT,ttttc,cagaa
deletion,ORF7a,27686:27709,24,27686,S,98,1,2020-07-30,2020-07-30,['USA/California/San Diego'],[1],1.0,2020-11-22,2020-11-22,['USA'],[1],['California'],[1],['San Diego'],[1],['hCoV-19/USA/SEARCH-4389-SAN/2020'],TCT,tactc,aatag
deletion,ORF7a,27678:27696,19,27678,L,96,1,2020-05-23,2020-05-23,['USA/California/San Diego'],[1],,,,,,,,,,['hCoV-19/USA/SEARCH-2117-SAN/2020'],CTT,aagaa,ttatt
deletion,ORF7a,27629:27640,12,27629,A,79,1,2020-04-28,2020-04-28,['USA/California/San Diego'],[1],4.0,2020-07-21,2020-09-25,"['New Zealand', 'USA']","[3, 1]","['Auckland', 'California']","[3, 1]","['San Diego County', 'Waitemata']","[1, 3]",['hCoV-19/USA/SEARCH-1190-SAN/2020'],GCC,cgtgc,accta
deletion,ORF7a,27580:27623,44,27580,F,63,1,2020-10-15,2020-10-15,['Jordan/Amman'],[1],2.0,2020-07-03,2020-07-03,['United Kingdom'],[2],['England'],[2],['unk'],[2],['hCoV-19/JOR/SEARCH-5137-JOR/2020'],TTT,tcaat,cgtgc
deletion,ORF7a,27579:27587,9,27579,F,63,1,2020-03-25,2020-03-25,['USA/Louisiana/New Orleans'],[1],1.0,2020-04-29,2020-04-29,['USA'],[1],['Louisiana'],[1],['New Orleans'],[1],['hCoV-19/USA/SEARCH-0068-NBG/2020'],TTT,ctcaa,gcttg
deletion,ORF1ab,14433:14434,2,14433,E,4723,1,2020-07-12,2020-07-12,['USA/California/San Diego'],[1],,,,,,,,,,['hCoV-19/USA/SEARCH-2646-SAN/2020'],GAA,tgaga,aatat
